config_id,axis,label,N,J,K,A,D_min,D_max,regime,group,phase,seed,operation,n_reps,reduced_repetitions,censored,budget_limited,wall_median_s,wall_iqr_s,wall_p90_s,wall_ci_lo_s,wall_ci_hi_s,wall_ci_rel_half_width,cpu_median_s,cpu_iqr_s,cpu_p90_s,peak_rss_bytes,legal_blocks_total,legal_blocks_times_skills,trace_occurrences,forward_states,forward_total_reductions,role_relation_density,role_mean_predecessors,loadavg_before_1m,loadavg_after_1m,speed_probe_median_s,speed_normalised_wall_median_s
A_full/N16_J128_K10_A10_D12_full_s20260822,A_full,A_full_10,16,128,10,10,3,12,full,build,main,20260822,emission_build,15,0,0,0,0.864098708,0.036104188,0.916074167,0.850182417,0.883917375,0.019520,0.812311000,0.026433500,0.837680200,210964480,19440,194400,2048,20480,397600,0.237778,2.1400,14.68,15.39,nan,
A_full/N16_J128_K10_A10_D12_full_s20260822,A_full,A_full_10,16,128,10,10,3,12,full,build,main,20260822,emission_cache_hit,50,0,0,0,0.000267687,0.000158552,0.000403533,0.000227542,0.000293328,0.122879,0.000268000,0.000155000,0.000369500,210964480,19440,194400,2048,20480,397600,0.237778,2.1400,14.68,15.39,nan,
A_full/N16_J128_K10_A10_D12_full_s20260822,A_full,A_full_10,16,128,10,10,3,12,full,cond,main,20260822,cond_plain,22,0,0,0,0.085992459,0.011033927,0.101363820,0.084824417,0.091818333,0.040666,0.084825500,0.006942250,0.091639200,348467200,19440,194400,2048,20480,397600,0.237778,2.1400,14.86,13.73,nan,
A_full/N16_J128_K10_A10_D12_full_s20260822,A_full,A_full_10,16,128,10,10,3,12,full,cond,main,20260822,cond_structural,15,0,0,0,0.923608583,0.053866999,0.974418808,0.890841083,0.948190583,0.031046,0.887982000,0.031911000,0.915899000,348467200,19440,194400,2048,20480,397600,0.237778,2.1400,14.86,13.73,nan,
A_full/N16_J128_K10_A10_D12_full_s20260822,A_full,A_full_10,16,128,10,10,3,12,full,marg,main,20260822,marg_plain,18,0,0,0,0.100157333,0.010997979,0.114428792,0.094790459,0.104784291,0.049891,0.091574500,0.005868250,0.098125000,343068672,19440,194400,2048,20480,397600,0.237778,2.1400,14.44,14.68,nan,
A_full/N16_J128_K10_A10_D12_full_s20260822,A_full,A_full_10,16,128,10,10,3,12,full,marg,main,20260822,marg_structural,15,0,0,0,1.087809625,0.027444750,1.135152325,1.069251000,1.101416417,0.014784,0.977723000,0.019992000,0.990705800,343068672,19440,194400,2048,20480,397600,0.237778,2.1400,14.44,14.68,nan,
A_full/N16_J128_K10_A10_D12_full_s20260822,A_full,A_full_10,16,128,10,10,3,12,full,primitives,main,20260822,backward_sample,16,0,0,0,0.041508709,0.004140157,0.045074687,0.039700208,0.042880917,0.038314,0.039090000,0.002686000,0.040846500,217104384,19440,194400,2048,20480,397600,0.237778,2.1400,15.20,14.86,nan,
A_full/N16_J128_K10_A10_D12_full_s20260822,A_full,A_full_10,16,128,10,10,3,12,full,primitives,main,20260822,ffbs_complete,18,0,0,0,0.060624354,0.006536990,0.065297225,0.055493917,0.061439064,0.049033,0.056832500,0.004820500,0.060318300,217104384,19440,194400,2048,20480,397600,0.237778,2.1400,15.20,14.86,nan,
A_full/N16_J128_K10_A10_D12_full_s20260822,A_full,A_full_10,16,128,10,10,3,12,full,primitives,main,20260822,forward_batched,50,0,0,0,0.021599854,0.005550781,0.027104141,0.020878458,0.023486792,0.060379,0.020110000,0.004086000,0.024582500,217104384,19440,194400,2048,20480,397600,0.237778,2.1400,15.20,14.86,nan,
A_full/N16_J128_K10_A20_D12_full_s20260822,A_full,A_full_20,16,128,10,20,3,12,full,build,main,20260822,emission_build,15,0,0,0,2.057761000,0.033690230,2.202911775,2.044799958,2.064227105,0.004720,2.017382000,0.020747000,2.090574400,229216256,19440,194400,2048,20480,397600,0.247368,4.7000,9.62,11.28,nan,
A_full/N16_J128_K10_A20_D12_full_s20260822,A_full,A_full_20,16,128,10,20,3,12,full,build,main,20260822,emission_cache_hit,15,0,0,0,0.000609000,0.000045938,0.000700025,0.000595833,0.000637083,0.033867,0.000608000,0.000046500,0.000699400,229216256,19440,194400,2048,20480,397600,0.247368,4.7000,9.62,11.28,nan,
A_full/N16_J128_K10_A20_D12_full_s20260822,A_full,A_full_20,16,128,10,20,3,12,full,cond,main,20260822,cond_plain,15,0,0,0,0.120734333,0.008209375,0.127075350,0.116804583,0.125838542,0.037413,0.117452000,0.006119000,0.121646800,395321344,19440,194400,2048,20480,397600,0.247368,4.7000,10.93,10.37,nan,
A_full/N16_J128_K10_A20_D12_full_s20260822,A_full,A_full_20,16,128,10,20,3,12,full,cond,main,20260822,cond_structural,15,0,0,0,1.915641709,0.020659438,2.013592808,1.906960250,1.928306375,0.005572,1.873123000,0.017700500,1.933909000,395321344,19440,194400,2048,20480,397600,0.247368,4.7000,10.93,10.37,nan,
A_full/N16_J128_K10_A20_D12_full_s20260822,A_full,A_full_20,16,128,10,20,3,12,full,marg,main,20260822,marg_plain,15,0,0,0,0.118204417,0.009132374,0.132434700,0.115098709,0.123650041,0.036172,0.116963000,0.005747000,0.125689600,374759424,19440,194400,2048,20480,397600,0.247368,4.7000,10.34,10.33,nan,
A_full/N16_J128_K10_A20_D12_full_s20260822,A_full,A_full_20,16,128,10,20,3,12,full,marg,main,20260822,marg_structural,15,0,0,0,2.023334208,0.038295104,2.111193342,2.011123542,2.052713167,0.010277,1.984335000,0.025989500,2.040672600,374759424,19440,194400,2048,20480,397600,0.247368,4.7000,10.34,10.33,nan,
A_full/N16_J128_K10_A20_D12_full_s20260822,A_full,A_full_20,16,128,10,20,3,12,full,primitives,main,20260822,backward_sample,15,0,0,0,0.045569625,0.003100562,0.048665075,0.044178500,0.047842750,0.040205,0.044575000,0.002922000,0.047005200,238080000,19440,194400,2048,20480,397600,0.247368,4.7000,11.28,10.93,nan,
A_full/N16_J128_K10_A20_D12_full_s20260822,A_full,A_full_20,16,128,10,20,3,12,full,primitives,main,20260822,ffbs_complete,15,0,0,0,0.076370084,0.006381937,0.084145367,0.074059042,0.079855833,0.037952,0.074395000,0.003827500,0.076693800,238080000,19440,194400,2048,20480,397600,0.247368,4.7000,11.28,10.93,nan,
A_full/N16_J128_K10_A20_D12_full_s20260822,A_full,A_full_20,16,128,10,20,3,12,full,primitives,main,20260822,forward_batched,15,0,0,0,0.030108792,0.001925146,0.032554125,0.028448125,0.030328799,0.031231,0.029196000,0.001597000,0.031024600,238080000,19440,194400,2048,20480,397600,0.247368,4.7000,11.28,10.93,nan,
A_full/N16_J128_K10_A30_D12_full_s20260822,A_full,A_full_30,16,128,10,30,3,12,full,build,main,20260822,emission_build,15,0,0,0,3.054214709,0.018811084,3.082975700,3.045881833,3.064598667,0.003064,3.005515000,0.022889000,3.028393000,242827264,19440,194400,2048,20480,397600,0.250575,7.2667,9.56,10.09,nan,
A_full/N16_J128_K10_A30_D12_full_s20260822,A_full,A_full_30,16,128,10,30,3,12,full,build,main,20260822,emission_cache_hit,15,0,0,0,0.000856917,0.000031271,0.000928183,0.000844000,0.000873667,0.017310,0.000856000,0.000031500,0.000927600,242827264,19440,194400,2048,20480,397600,0.250575,7.2667,9.56,10.09,nan,
A_full/N16_J128_K10_A30_D12_full_s20260822,A_full,A_full_30,16,128,10,30,3,12,full,cond,main,20260822,cond_plain,15,0,0,0,0.125325334,0.005910042,0.131675142,0.121605166,0.127992417,0.025483,0.123449000,0.007146500,0.126401400,374419456,19440,194400,2048,20480,397600,0.250575,7.2667,9.74,9.48,nan,
A_full/N16_J128_K10_A30_D12_full_s20260822,A_full,A_full_30,16,128,10,30,3,12,full,cond,main,20260822,cond_structural,15,0,0,0,3.180828917,0.046197104,3.207926616,3.160690083,3.202323958,0.006545,3.123874000,0.034180500,3.150817400,374419456,19440,194400,2048,20480,397600,0.250575,7.2667,9.74,9.48,nan,
A_full/N16_J128_K10_A30_D12_full_s20260822,A_full,A_full_30,16,128,10,30,3,12,full,marg,main,20260822,marg_plain,15,0,0,0,0.123032625,0.008952604,0.130199284,0.119566792,0.127981792,0.034198,0.121357000,0.008159000,0.126446000,387125248,19440,194400,2048,20480,397600,0.250575,7.2667,9.48,9.56,nan,
A_full/N16_J128_K10_A30_D12_full_s20260822,A_full,A_full_30,16,128,10,30,3,12,full,marg,main,20260822,marg_structural,15,0,0,0,3.365878417,0.036009583,3.392372550,3.347357792,3.377540791,0.004484,3.305463000,0.029988500,3.334277800,387125248,19440,194400,2048,20480,397600,0.250575,7.2667,9.48,9.56,nan,
A_full/N16_J128_K10_A30_D12_full_s20260822,A_full,A_full_30,16,128,10,30,3,12,full,primitives,main,20260822,backward_sample,15,0,0,0,0.045467333,0.002278646,0.046718700,0.044146208,0.046515208,0.026052,0.044274000,0.001661000,0.045722400,251449344,19440,194400,2048,20480,397600,0.250575,7.2667,9.67,9.72,nan,
A_full/N16_J128_K10_A30_D12_full_s20260822,A_full,A_full_30,16,128,10,30,3,12,full,primitives,main,20260822,ffbs_complete,15,0,0,0,0.074827750,0.004662708,0.081162058,0.072659041,0.075622958,0.019805,0.073557000,0.003470500,0.076557000,251449344,19440,194400,2048,20480,397600,0.250575,7.2667,9.67,9.72,nan,
A_full/N16_J128_K10_A30_D12_full_s20260822,A_full,A_full_30,16,128,10,30,3,12,full,primitives,main,20260822,forward_batched,21,0,0,0,0.029740875,0.003766417,0.033577292,0.027608875,0.030361833,0.046282,0.028486000,0.002966000,0.031598000,251449344,19440,194400,2048,20480,397600,0.250575,7.2667,9.67,9.72,nan,
A_full/N16_J128_K10_A50_D12_full_s20260822,A_full,A_full_50,16,128,10,50,3,12,full,build,main,20260822,emission_build,5,1,0,0,2.722352500,0.002708083,2.729228708,2.706094750,2.733376125,0.005011,2.722199000,0.002667000,2.729076200,205107200,19440,194400,2048,20480,397600,0.259837,12.7320,1.41,1.55,nan,
A_full/N16_J128_K10_A50_D12_full_s20260822,A_full,A_full_50,16,128,10,50,3,12,full,build,main,20260822,emission_cache_hit,6,1,0,0,0.000794750,0.000004178,0.000828042,0.000778167,0.000828042,0.031378,0.000794500,0.000004500,0.000827000,205107200,19440,194400,2048,20480,397600,0.259837,12.7320,1.41,1.55,nan,
A_full/N16_J128_K10_A50_D12_full_s20260822,A_full,A_full_50,16,128,10,50,3,12,full,cond,main,20260822,cond_plain,5,1,0,0,0.060839875,0.001110417,0.061123000,0.055072875,0.061135750,0.049826,0.060824000,0.001099000,0.061108600,344920064,19440,194400,2048,20480,397600,0.259837,12.7320,1.40,1.32,nan,
A_full/N16_J128_K10_A50_D12_full_s20260822,A_full,A_full_50,16,128,10,50,3,12,full,cond,main,20260822,cond_structural,5,1,0,0,2.809445875,0.009137125,2.822959325,2.801044667,2.827284791,0.004670,2.809276000,0.009037000,2.822779800,344920064,19440,194400,2048,20480,397600,0.259837,12.7320,1.40,1.32,nan,
A_full/N16_J128_K10_A50_D12_full_s20260822,A_full,A_full_50,16,128,10,50,3,12,full,marg,main,20260822,marg_plain,6,1,0,0,0.059913604,0.000603874,0.060505125,0.057056187,0.060505125,0.028783,0.059913000,0.000601250,0.060502500,335781888,19440,194400,2048,20480,397600,0.259837,12.7320,1.32,1.41,nan,
A_full/N16_J128_K10_A50_D12_full_s20260822,A_full,A_full_50,16,128,10,50,3,12,full,marg,main,20260822,marg_structural,5,1,0,0,2.935577708,0.018406500,2.942700950,2.897413000,2.947253500,0.008489,2.935393000,0.018412000,2.942519600,335781888,19440,194400,2048,20480,397600,0.259837,12.7320,1.32,1.41,nan,
A_full/N16_J128_K10_A50_D12_full_s20260822,A_full,A_full_50,16,128,10,50,3,12,full,primitives,main,20260822,backward_sample,5,1,0,0,0.019702916,0.000255292,0.019836484,0.019485708,0.019879750,0.010000,0.019702000,0.000256000,0.019836800,220102656,19440,194400,2048,20480,397600,0.259837,12.7320,1.55,2.46,nan,
A_full/N16_J128_K10_A50_D12_full_s20260822,A_full,A_full_50,16,128,10,50,3,12,full,primitives,main,20260822,ffbs_complete,5,1,0,0,0.032449250,0.000168792,0.032657333,0.032259250,0.032685500,0.006568,0.032449000,0.000166000,0.032650000,220102656,19440,194400,2048,20480,397600,0.259837,12.7320,1.55,2.46,nan,
A_full/N16_J128_K10_A50_D12_full_s20260822,A_full,A_full_50,16,128,10,50,3,12,full,primitives,main,20260822,forward_batched,7,1,0,0,0.012873291,0.000169125,0.012930983,0.012685833,0.012915750,0.008930,0.012873000,0.000169000,0.012930800,220102656,19440,194400,2048,20480,397600,0.259837,12.7320,1.55,2.46,nan,
A_full/N16_J128_K10_A5_D12_full_s20260822,A_full,A_full_5,16,128,10,5,3,12,full,build,main,20260822,emission_build,15,0,0,0,0.220556750,0.001068041,0.221352208,0.219969792,0.220975458,0.002280,0.220444000,0.001012500,0.221213800,161812480,19440,194400,2048,20480,397600,0.255000,1.0200,1.86,1.87,nan,
A_full/N16_J128_K10_A5_D12_full_s20260822,A_full,A_full_5,16,128,10,5,3,12,full,build,main,20260822,emission_cache_hit,15,0,0,0,0.000115208,0.000007979,0.000121367,0.000111917,0.000119375,0.032368,0.000115000,0.000008000,0.000121600,161812480,19440,194400,2048,20480,397600,0.255000,1.0200,1.86,1.87,nan,
A_full/N16_J128_K10_A5_D12_full_s20260822,A_full,A_full_5,16,128,10,5,3,12,full,cond,main,20260822,cond_plain,15,0,0,0,0.038509834,0.000459584,0.038834433,0.038319166,0.038718588,0.005186,0.038445000,0.000447000,0.038783000,316751872,19440,194400,2048,20480,397600,0.255000,1.0200,1.65,1.84,nan,
A_full/N16_J128_K10_A5_D12_full_s20260822,A_full,A_full_5,16,128,10,5,3,12,full,cond,main,20260822,cond_structural,15,0,0,0,0.256621500,0.002796188,0.258286308,0.254089500,0.257931292,0.007485,0.256474000,0.002773500,0.258122600,316751872,19440,194400,2048,20480,397600,0.255000,1.0200,1.65,1.84,nan,
A_full/N16_J128_K10_A5_D12_full_s20260822,A_full,A_full_5,16,128,10,5,3,12,full,marg,main,20260822,marg_plain,15,0,0,0,0.038201041,0.000492354,0.038786650,0.038099083,0.038479125,0.004974,0.038131000,0.000531500,0.038702800,363061248,19440,194400,2048,20480,397600,0.255000,1.0200,1.93,1.86,nan,
A_full/N16_J128_K10_A5_D12_full_s20260822,A_full,A_full_5,16,128,10,5,3,12,full,marg,main,20260822,marg_structural,15,0,0,0,0.281451791,0.002048625,0.284437067,0.280867542,0.282728458,0.003306,0.281226000,0.002009000,0.284204600,363061248,19440,194400,2048,20480,397600,0.255000,1.0200,1.93,1.86,nan,
A_full/N16_J128_K10_A5_D12_full_s20260822,A_full,A_full_5,16,128,10,5,3,12,full,primitives,main,20260822,backward_sample,15,0,0,0,0.014856750,0.000295542,0.015167708,0.014688500,0.014929958,0.008126,0.014853000,0.000275500,0.015147800,171094016,19440,194400,2048,20480,397600,0.255000,1.0200,1.87,1.87,nan,
A_full/N16_J128_K10_A5_D12_full_s20260822,A_full,A_full_5,16,128,10,5,3,12,full,primitives,main,20260822,ffbs_complete,15,0,0,0,0.023497875,0.000314292,0.023905392,0.023414292,0.023661917,0.005269,0.023483000,0.000329500,0.023900200,171094016,19440,194400,2048,20480,397600,0.255000,1.0200,1.87,1.87,nan,
A_full/N16_J128_K10_A5_D12_full_s20260822,A_full,A_full_5,16,128,10,5,3,12,full,primitives,main,20260822,forward_batched,15,0,0,0,0.008539917,0.000159500,0.008642625,0.008435666,0.008594958,0.009326,0.008540000,0.000160000,0.008630600,171094016,19440,194400,2048,20480,397600,0.255000,1.0200,1.87,1.87,nan,
A_sparse/N16_J128_K10_A10_D12_sparse_s20260822,A_sparse,A_sparse_10,16,128,10,10,3,12,sparse,build,main,20260822,emission_build,15,0,0,0,0.842708917,0.050262667,0.905291325,0.833961166,0.895709084,0.036637,0.798511000,0.014426500,0.818035800,207020032,19440,194400,2048,20480,397600,0.237778,2.1400,13.73,13.13,nan,
A_sparse/N16_J128_K10_A10_D12_sparse_s20260822,A_sparse,A_sparse_10,16,128,10,10,3,12,sparse,build,main,20260822,emission_cache_hit,41,0,0,0,0.000318917,0.000084959,0.000363959,0.000304458,0.000326917,0.035211,0.000319000,0.000082000,0.000361000,207020032,19440,194400,2048,20480,397600,0.237778,2.1400,13.73,13.13,nan,
A_sparse/N16_J128_K10_A10_D12_sparse_s20260822,A_sparse,A_sparse_10,16,128,10,10,3,12,sparse,cond,main,20260822,cond_plain,16,0,0,0,0.091614667,0.007822345,0.101230667,0.087703291,0.095950834,0.045012,0.089524000,0.005494250,0.096727000,365694976,19440,194400,2048,20480,397600,0.237778,2.1400,15.00,14.11,nan,
A_sparse/N16_J128_K10_A10_D12_sparse_s20260822,A_sparse,A_sparse_10,16,128,10,10,3,12,sparse,cond,main,20260822,cond_structural,15,0,0,0,0.929546542,0.033026854,0.988055491,0.918301000,0.947955500,0.015951,0.889402000,0.030095000,0.917029400,365694976,19440,194400,2048,20480,397600,0.237778,2.1400,15.00,14.11,nan,
A_sparse/N16_J128_K10_A10_D12_sparse_s20260822,A_sparse,A_sparse_10,16,128,10,10,3,12,sparse,marg,main,20260822,marg_plain,15,0,0,0,0.088882666,0.005346938,0.095616933,0.085616916,0.089927292,0.024248,0.086586000,0.004880000,0.090959000,330874880,19440,194400,2048,20480,397600,0.237778,2.1400,13.94,13.17,nan,
A_sparse/N16_J128_K10_A10_D12_sparse_s20260822,A_sparse,A_sparse_10,16,128,10,10,3,12,sparse,marg,main,20260822,marg_structural,15,0,0,0,0.962367084,0.036589438,0.999742842,0.950388791,0.989044292,0.020084,0.928232000,0.027127500,0.957403600,330874880,19440,194400,2048,20480,397600,0.237778,2.1400,13.94,13.17,nan,
A_sparse/N16_J128_K10_A10_D12_sparse_s20260822,A_sparse,A_sparse_10,16,128,10,10,3,12,sparse,primitives,main,20260822,backward_sample,23,0,0,0,0.035828959,0.004465979,0.040320983,0.034566250,0.037649875,0.043033,0.035411000,0.004037000,0.038751000,215482368,19440,194400,2048,20480,397600,0.237778,2.1400,15.52,15.00,nan,
A_sparse/N16_J128_K10_A10_D12_sparse_s20260822,A_sparse,A_sparse_10,16,128,10,10,3,12,sparse,primitives,main,20260822,ffbs_complete,20,0,0,0,0.056189021,0.006955647,0.060735725,0.052753375,0.058296001,0.049321,0.055297500,0.005095750,0.059165800,215482368,19440,194400,2048,20480,397600,0.237778,2.1400,15.52,15.00,nan,
A_sparse/N16_J128_K10_A10_D12_sparse_s20260822,A_sparse,A_sparse_10,16,128,10,10,3,12,sparse,primitives,main,20260822,forward_batched,15,0,0,0,0.019369833,0.001047584,0.023456150,0.018353583,0.019643542,0.033298,0.019276000,0.001293000,0.023015400,215482368,19440,194400,2048,20480,397600,0.237778,2.1400,15.52,15.00,nan,
A_sparse/N16_J128_K10_A20_D12_sparse_s20260822,A_sparse,A_sparse_20,16,128,10,20,3,12,sparse,build,main,20260822,emission_build,15,0,0,0,1.442172458,0.021001853,1.463610425,1.428674625,1.449478684,0.007213,1.413737000,0.017305000,1.431365800,229470208,19440,194400,2048,20480,397600,0.056842,1.0800,9.92,10.41,nan,
A_sparse/N16_J128_K10_A20_D12_sparse_s20260822,A_sparse,A_sparse_20,16,128,10,20,3,12,sparse,build,main,20260822,emission_cache_hit,15,0,0,0,0.000593583,0.000076625,0.000733842,0.000583875,0.000640083,0.047346,0.000592000,0.000077000,0.000715600,229470208,19440,194400,2048,20480,397600,0.056842,1.0800,9.92,10.41,nan,
A_sparse/N16_J128_K10_A20_D12_sparse_s20260822,A_sparse,A_sparse_20,16,128,10,20,3,12,sparse,cond,main,20260822,cond_plain,15,0,0,0,0.110762583,0.004380480,0.116971250,0.110340000,0.113975500,0.016411,0.109251000,0.003704000,0.113502400,367964160,19440,194400,2048,20480,397600,0.056842,1.0800,10.33,9.90,nan,
A_sparse/N16_J128_K10_A20_D12_sparse_s20260822,A_sparse,A_sparse_20,16,128,10,20,3,12,sparse,cond,main,20260822,cond_structural,15,0,0,0,1.543833500,0.012303459,1.564837775,1.538380583,1.549952292,0.003748,1.519981000,0.009988500,1.531541600,367964160,19440,194400,2048,20480,397600,0.056842,1.0800,10.33,9.90,nan,
A_sparse/N16_J128_K10_A20_D12_sparse_s20260822,A_sparse,A_sparse_20,16,128,10,20,3,12,sparse,marg,main,20260822,marg_plain,15,0,0,0,0.114464333,0.006866021,0.120621208,0.109711708,0.117289583,0.033101,0.111727000,0.005751500,0.116387800,370028544,19440,194400,2048,20480,397600,0.056842,1.0800,9.91,9.74,nan,
A_sparse/N16_J128_K10_A20_D12_sparse_s20260822,A_sparse,A_sparse_20,16,128,10,20,3,12,sparse,marg,main,20260822,marg_structural,15,0,0,0,1.634671500,0.019991333,1.653616758,1.627772375,1.647292709,0.005971,1.609324000,0.010889500,1.619707800,370028544,19440,194400,2048,20480,397600,0.056842,1.0800,9.91,9.74,nan,
A_sparse/N16_J128_K10_A20_D12_sparse_s20260822,A_sparse,A_sparse_20,16,128,10,20,3,12,sparse,primitives,main,20260822,backward_sample,15,0,0,0,0.039581917,0.003664250,0.041724600,0.037061833,0.040797083,0.047184,0.039404000,0.003136000,0.040380000,232292352,19440,194400,2048,20480,397600,0.056842,1.0800,10.30,10.33,nan,
A_sparse/N16_J128_K10_A20_D12_sparse_s20260822,A_sparse,A_sparse_20,16,128,10,20,3,12,sparse,primitives,main,20260822,ffbs_complete,15,0,0,0,0.069488792,0.004733250,0.075313250,0.066728917,0.071451667,0.033982,0.068036000,0.003052500,0.071279000,232292352,19440,194400,2048,20480,397600,0.056842,1.0800,10.30,10.33,nan,
A_sparse/N16_J128_K10_A20_D12_sparse_s20260822,A_sparse,A_sparse_20,16,128,10,20,3,12,sparse,primitives,main,20260822,forward_batched,22,0,0,0,0.029268084,0.004035636,0.033749499,0.028593458,0.031448917,0.048781,0.029090500,0.002575500,0.031921900,232292352,19440,194400,2048,20480,397600,0.056842,1.0800,10.30,10.33,nan,
A_sparse/N16_J128_K10_A30_D12_sparse_s20260822,A_sparse,A_sparse_30,16,128,10,30,3,12,sparse,build,main,20260822,emission_build,15,0,0,0,2.241765959,0.029263479,2.269651491,2.228601209,2.255462209,0.005991,2.201738000,0.017653500,2.209672600,245854208,19440,194400,2048,20480,397600,0.027241,0.7900,11.39,11.04,nan,
A_sparse/N16_J128_K10_A30_D12_sparse_s20260822,A_sparse,A_sparse_30,16,128,10,30,3,12,sparse,build,main,20260822,emission_cache_hit,18,0,0,0,0.000827166,0.000078260,0.000901233,0.000782604,0.000852917,0.042502,0.000826000,0.000078000,0.000899500,245854208,19440,194400,2048,20480,397600,0.027241,0.7900,11.39,11.04,nan,
A_sparse/N16_J128_K10_A30_D12_sparse_s20260822,A_sparse,A_sparse_30,16,128,10,30,3,12,sparse,cond,main,20260822,cond_plain,15,0,0,0,0.121145750,0.005438979,0.129609183,0.118438417,0.123097083,0.019228,0.119259000,0.004234000,0.122476000,382767104,19440,194400,2048,20480,397600,0.027241,0.7900,10.08,9.85,nan,
A_sparse/N16_J128_K10_A30_D12_sparse_s20260822,A_sparse,A_sparse_30,16,128,10,30,3,12,sparse,cond,main,20260822,cond_structural,15,0,0,0,2.289871250,0.020464355,2.322286775,2.279311917,2.295356875,0.003503,2.247777000,0.014919500,2.266930600,382767104,19440,194400,2048,20480,397600,0.027241,0.7900,10.08,9.85,nan,
A_sparse/N16_J128_K10_A30_D12_sparse_s20260822,A_sparse,A_sparse_30,16,128,10,30,3,12,sparse,marg,main,20260822,marg_plain,15,0,0,0,0.129996833,0.005271958,0.137882383,0.129351492,0.132369667,0.011609,0.125785000,0.005235000,0.131424200,392957952,19440,194400,2048,20480,397600,0.027241,0.7900,9.78,11.16,nan,
A_sparse/N16_J128_K10_A30_D12_sparse_s20260822,A_sparse,A_sparse_30,16,128,10,30,3,12,sparse,marg,main,20260822,marg_structural,15,0,0,0,2.595968083,0.054007229,2.643933984,2.580590416,2.636492625,0.010767,2.504141000,0.029260000,2.528240000,392957952,19440,194400,2048,20480,397600,0.027241,0.7900,9.78,11.16,nan,
A_sparse/N16_J128_K10_A30_D12_sparse_s20260822,A_sparse,A_sparse_30,16,128,10,30,3,12,sparse,primitives,main,20260822,backward_sample,26,0,0,0,0.041219313,0.005129105,0.043782271,0.038910625,0.042865916,0.047979,0.039925000,0.003132750,0.041967500,256552960,19440,194400,2048,20480,397600,0.027241,0.7900,11.04,11.11,nan,
A_sparse/N16_J128_K10_A30_D12_sparse_s20260822,A_sparse,A_sparse_30,16,128,10,30,3,12,sparse,primitives,main,20260822,ffbs_complete,40,0,0,0,0.068836583,0.009208479,0.078828854,0.066202729,0.072804271,0.047951,0.067535500,0.006527500,0.073871000,256552960,19440,194400,2048,20480,397600,0.027241,0.7900,11.04,11.11,nan,
A_sparse/N16_J128_K10_A30_D12_sparse_s20260822,A_sparse,A_sparse_30,16,128,10,30,3,12,sparse,primitives,main,20260822,forward_batched,38,0,0,0,0.031117229,0.005332438,0.034988041,0.030115875,0.033020254,0.046668,0.030406500,0.003541000,0.033456900,256552960,19440,194400,2048,20480,397600,0.027241,0.7900,11.04,11.11,nan,
A_sparse/N16_J128_K10_A50_D12_sparse_s20260822,A_sparse,A_sparse_50,16,128,10,50,3,12,sparse,build,main,20260822,emission_build,5,1,0,0,1.739419500,0.015376791,1.744239608,1.727505500,1.744336208,0.004838,1.739263000,0.015325000,1.744101800,201703424,19440,194400,2048,20480,397600,0.009102,0.4460,2.23,2.11,nan,
A_sparse/N16_J128_K10_A50_D12_sparse_s20260822,A_sparse,A_sparse_50,16,128,10,50,3,12,sparse,build,main,20260822,emission_cache_hit,5,1,0,0,0.000781125,0.000048000,0.000828575,0.000755583,0.000832458,0.049208,0.000780000,0.000048000,0.000828000,201703424,19440,194400,2048,20480,397600,0.009102,0.4460,2.23,2.11,nan,
A_sparse/N16_J128_K10_A50_D12_sparse_s20260822,A_sparse,A_sparse_50,16,128,10,50,3,12,sparse,cond,main,20260822,cond_plain,5,1,0,0,0.056193750,0.000285125,0.056225500,0.051668042,0.056234083,0.040628,0.056194000,0.000279000,0.056223200,326811648,19440,194400,2048,20480,397600,0.009102,0.4460,2.10,1.79,nan,
A_sparse/N16_J128_K10_A50_D12_sparse_s20260822,A_sparse,A_sparse_50,16,128,10,50,3,12,sparse,cond,main,20260822,cond_structural,5,1,0,0,1.674587792,0.010491042,1.683265067,1.654572292,1.687167000,0.009732,1.674417000,0.010358000,1.682688000,326811648,19440,194400,2048,20480,397600,0.009102,0.4460,2.10,1.79,nan,
A_sparse/N16_J128_K10_A50_D12_sparse_s20260822,A_sparse,A_sparse_50,16,128,10,50,3,12,sparse,marg,main,20260822,marg_plain,5,1,0,0,0.056397958,0.000434292,0.056690408,0.051719917,0.056738458,0.044492,0.056396000,0.000434000,0.056685800,334057472,19440,194400,2048,20480,397600,0.009102,0.4460,2.46,2.23,nan,
A_sparse/N16_J128_K10_A50_D12_sparse_s20260822,A_sparse,A_sparse_50,16,128,10,50,3,12,sparse,marg,main,20260822,marg_structural,5,1,0,0,1.711723542,0.012149958,1.724023050,1.698820750,1.727886166,0.008490,1.711672000,0.012120000,1.723936600,334057472,19440,194400,2048,20480,397600,0.009102,0.4460,2.46,2.23,nan,
A_sparse/N16_J128_K10_A50_D12_sparse_s20260822,A_sparse,A_sparse_50,16,128,10,50,3,12,sparse,primitives,main,20260822,backward_sample,5,1,0,0,0.016136750,0.000160791,0.016341833,0.015958334,0.016387667,0.013303,0.016136000,0.000138000,0.016333200,220426240,19440,194400,2048,20480,397600,0.009102,0.4460,2.10,2.10,nan,
A_sparse/N16_J128_K10_A50_D12_sparse_s20260822,A_sparse,A_sparse_50,16,128,10,50,3,12,sparse,primitives,main,20260822,ffbs_complete,5,1,0,0,0.029117875,0.000560750,0.029529408,0.028918917,0.029540375,0.010671,0.029118000,0.000542000,0.029520600,220426240,19440,194400,2048,20480,397600,0.009102,0.4460,2.10,2.10,nan,
A_sparse/N16_J128_K10_A50_D12_sparse_s20260822,A_sparse,A_sparse_50,16,128,10,50,3,12,sparse,primitives,main,20260822,forward_batched,7,1,0,0,0.013165958,0.000229625,0.013459508,0.013035709,0.013447375,0.015634,0.013163000,0.000211000,0.013438800,220426240,19440,194400,2048,20480,397600,0.009102,0.4460,2.10,2.10,nan,
A_sparse/N16_J128_K10_A5_D12_sparse_s20260822,A_sparse,A_sparse_5,16,128,10,5,3,12,sparse,build,main,20260822,emission_build,15,0,0,0,0.222459875,0.001090979,0.223031692,0.221756625,0.222915959,0.002606,0.222308000,0.001052500,0.222885800,154120192,19440,194400,2048,20480,397600,0.255000,1.0200,1.90,1.90,nan,
A_sparse/N16_J128_K10_A5_D12_sparse_s20260822,A_sparse,A_sparse_5,16,128,10,5,3,12,sparse,build,main,20260822,emission_cache_hit,15,0,0,0,0.000115167,0.000007541,0.000120000,0.000109584,0.000118083,0.036899,0.000115000,0.000007500,0.000120000,154120192,19440,194400,2048,20480,397600,0.255000,1.0200,1.90,1.90,nan,
A_sparse/N16_J128_K10_A5_D12_sparse_s20260822,A_sparse,A_sparse_5,16,128,10,5,3,12,sparse,cond,main,20260822,cond_plain,15,0,0,0,0.038597459,0.000449770,0.038892808,0.038286459,0.038707375,0.005453,0.038599000,0.000406000,0.038863000,365391872,19440,194400,2048,20480,397600,0.255000,1.0200,1.83,1.92,nan,
A_sparse/N16_J128_K10_A5_D12_sparse_s20260822,A_sparse,A_sparse_5,16,128,10,5,3,12,sparse,cond,main,20260822,cond_structural,15,0,0,0,0.261032458,0.003055605,0.264768983,0.259000750,0.261181708,0.004178,0.260850000,0.003048000,0.264567200,365391872,19440,194400,2048,20480,397600,0.255000,1.0200,1.83,1.92,nan,
A_sparse/N16_J128_K10_A5_D12_sparse_s20260822,A_sparse,A_sparse_5,16,128,10,5,3,12,sparse,marg,main,20260822,marg_plain,15,0,0,0,0.038684666,0.000767521,0.039946508,0.038344625,0.039191083,0.010940,0.038646000,0.000773000,0.039938600,341192704,19440,194400,2048,20480,397600,0.255000,1.0200,1.80,1.90,nan,
A_sparse/N16_J128_K10_A5_D12_sparse_s20260822,A_sparse,A_sparse_5,16,128,10,5,3,12,sparse,marg,main,20260822,marg_structural,15,0,0,0,0.273773833,0.008386958,0.280606450,0.271098709,0.280346708,0.016890,0.273577000,0.008327500,0.280514000,341192704,19440,194400,2048,20480,397600,0.255000,1.0200,1.80,1.90,nan,
A_sparse/N16_J128_K10_A5_D12_sparse_s20260822,A_sparse,A_sparse_5,16,128,10,5,3,12,sparse,primitives,main,20260822,backward_sample,15,0,0,0,0.014244416,0.000197479,0.014413158,0.014100625,0.014347583,0.008669,0.014227000,0.000185500,0.014387600,171864064,19440,194400,2048,20480,397600,0.255000,1.0200,1.90,1.90,nan,
A_sparse/N16_J128_K10_A5_D12_sparse_s20260822,A_sparse,A_sparse_5,16,128,10,5,3,12,sparse,primitives,main,20260822,ffbs_complete,15,0,0,0,0.022898792,0.000346063,0.023110433,0.022669500,0.023056083,0.008441,0.022899000,0.000317500,0.023087800,171864064,19440,194400,2048,20480,397600,0.255000,1.0200,1.90,1.90,nan,
A_sparse/N16_J128_K10_A5_D12_sparse_s20260822,A_sparse,A_sparse_5,16,128,10,5,3,12,sparse,primitives,main,20260822,forward_batched,15,0,0,0,0.008501375,0.000201396,0.008717192,0.008395334,0.008608709,0.012549,0.008501000,0.000202000,0.008706800,171864064,19440,194400,2048,20480,397600,0.255000,1.0200,1.90,1.90,nan,
D/N16_J192_K10_A20_D12_full_s20260822,D,D_12,16,192,10,20,3,12,full,build,main,20260822,emission_build,15,0,0,0,2.526644833,0.051538396,2.592634467,2.492583375,2.544857792,0.010345,2.279516000,0.038267500,2.329085600,295100416,29680,296800,3072,30720,602400,0.247368,4.7000,13.97,14.18,nan,
D/N16_J192_K10_A20_D12_full_s20260822,D,D_12,16,192,10,20,3,12,full,build,main,20260822,emission_cache_hit,50,0,0,0,0.000416125,0.000172906,0.000552346,0.000383375,0.000480291,0.116451,0.000416000,0.000172750,0.000531100,295100416,29680,296800,3072,30720,602400,0.247368,4.7000,13.97,14.18,nan,
D/N16_J192_K10_A20_D12_full_s20260822,D,D_12,16,192,10,20,3,12,full,cond,main,20260822,cond_plain,26,0,0,0,0.133520958,0.017656917,0.145345188,0.127532354,0.139994583,0.046668,0.120809500,0.012755750,0.131540000,542031872,29680,296800,3072,30720,602400,0.247368,4.7000,3.70,12.95,nan,
D/N16_J192_K10_A20_D12_full_s20260822,D,D_12,16,192,10,20,3,12,full,cond,main,20260822,cond_structural,15,0,0,0,2.430062208,0.143186917,2.553119900,2.347417167,2.518940958,0.035292,2.156634000,0.076858500,2.227779200,542031872,29680,296800,3072,30720,602400,0.247368,4.7000,3.70,12.95,nan,
D/N16_J192_K10_A20_D12_full_s20260822,D,D_12,16,192,10,20,3,12,full,marg,main,20260822,marg_plain,16,0,0,0,0.133471646,0.012498531,0.155231979,0.127570854,0.139284291,0.043880,0.123383500,0.009230250,0.128569500,597491712,29680,296800,3072,30720,602400,0.247368,4.7000,12.95,13.79,nan,
D/N16_J192_K10_A20_D12_full_s20260822,D,D_12,16,192,10,20,3,12,full,marg,main,20260822,marg_structural,15,0,0,0,2.546896083,0.145786188,2.822549033,2.491636000,2.662365417,0.033517,2.355927000,0.062057000,2.466622200,597491712,29680,296800,3072,30720,602400,0.247368,4.7000,12.95,13.79,nan,
D/N16_J192_K10_A20_D12_full_s20260822,D,D_12,16,192,10,20,3,12,full,primitives,main,20260822,backward_sample,47,0,0,0,0.064595750,0.010034854,0.072980133,0.059683791,0.066055792,0.049322,0.059061000,0.007318500,0.065004600,328888320,29680,296800,3072,30720,602400,0.247368,4.7000,14.17,14.39,nan,
D/N16_J192_K10_A20_D12_full_s20260822,D,D_12,16,192,10,20,3,12,full,primitives,main,20260822,ffbs_complete,27,0,0,0,0.099605042,0.014500334,0.112058358,0.096631125,0.105948458,0.046771,0.092703000,0.008036500,0.100827600,328888320,29680,296800,3072,30720,602400,0.247368,4.7000,14.17,14.39,nan,
D/N16_J192_K10_A20_D12_full_s20260822,D,D_12,16,192,10,20,3,12,full,primitives,main,20260822,forward_batched,50,0,0,0,0.034094417,0.011065969,0.042753504,0.032284584,0.036746169,0.065430,0.032129000,0.007322250,0.036899700,328888320,29680,296800,3072,30720,602400,0.247368,4.7000,14.17,14.39,nan,
D/N16_J192_K10_A20_D24_full_s20260822,D,D_24,16,192,10,20,3,24,full,build,main,20260822,emission_build,15,0,0,0,10.386916542,0.110660833,10.621393983,10.346502459,10.469943375,0.005942,10.203781000,0.063041500,10.344724400,330776576,63184,631840,3072,30720,935520,0.247368,4.7000,9.55,9.66,nan,
D/N16_J192_K10_A20_D24_full_s20260822,D,D_24,16,192,10,20,3,24,full,build,main,20260822,emission_cache_hit,15,0,0,0,0.000615000,0.000025375,0.000644350,0.000601208,0.000634792,0.027304,0.000613000,0.000021500,0.000640800,330776576,63184,631840,3072,30720,935520,0.247368,4.7000,9.55,9.66,nan,
D/N16_J192_K10_A20_D24_full_s20260822,D,D_24,16,192,10,20,3,24,full,cond,main,20260822,cond_plain,15,0,0,0,0.249116917,0.011243459,0.259596442,0.244421916,0.254309959,0.019846,0.243909000,0.006487000,0.249069200,675012608,63184,631840,3072,30720,935520,0.247368,4.7000,9.50,9.62,nan,
D/N16_J192_K10_A20_D24_full_s20260822,D,D_24,16,192,10,20,3,24,full,cond,main,20260822,cond_structural,15,0,0,0,10.007883000,0.064667813,10.077365275,9.976646625,10.051267542,0.003728,9.849572000,0.039515000,9.879092600,675012608,63184,631840,3072,30720,935520,0.247368,4.7000,9.50,9.62,nan,
D/N16_J192_K10_A20_D24_full_s20260822,D,D_24,16,192,10,20,3,24,full,marg,main,20260822,marg_plain,15,0,0,0,0.243931792,0.018726291,0.262169992,0.238731084,0.251621834,0.026423,0.238915000,0.014008000,0.253716400,666193920,63184,631840,3072,30720,935520,0.247368,4.7000,10.10,9.68,nan,
D/N16_J192_K10_A20_D24_full_s20260822,D,D_24,16,192,10,20,3,24,full,marg,main,20260822,marg_structural,15,0,0,0,10.507475500,0.253644000,10.825381483,10.393146733,10.685882417,0.013930,10.268482000,0.172929000,10.484960400,666193920,63184,631840,3072,30720,935520,0.247368,4.7000,10.10,9.68,nan,
D/N16_J192_K10_A20_D24_full_s20260822,D,D_24,16,192,10,20,3,24,full,primitives,main,20260822,backward_sample,15,0,0,0,0.107346792,0.006113313,0.116802725,0.106027000,0.111414042,0.025092,0.106503000,0.004453000,0.112190200,363315200,63184,631840,3072,30720,935520,0.247368,4.7000,9.66,9.50,nan,
D/N16_J192_K10_A20_D24_full_s20260822,D,D_24,16,192,10,20,3,24,full,primitives,main,20260822,ffbs_complete,15,0,0,0,0.169233500,0.003889896,0.173771775,0.164988375,0.170389333,0.015957,0.166339000,0.003351000,0.168101000,363315200,63184,631840,3072,30720,935520,0.247368,4.7000,9.66,9.50,nan,
D/N16_J192_K10_A20_D24_full_s20260822,D,D_24,16,192,10,20,3,24,full,primitives,main,20260822,forward_batched,15,0,0,0,0.058486542,0.002217624,0.061641275,0.057700584,0.059768666,0.017680,0.057107000,0.001968000,0.061328800,363315200,63184,631840,3072,30720,935520,0.247368,4.7000,9.66,9.50,nan,
D/N16_J192_K10_A20_D48_full_s20260822,D,D_48,16,192,10,20,3,48,full,build,main,20260822,emission_build,13,1,1,0,37.987531416,0.106469166,38.134013892,37.960463084,38.066932250,0.001401,37.395947000,0.110038000,37.492263000,369692672,123280,1232800,3072,30720,1532640,0.247368,4.7000,10.22,9.66,nan,
D/N16_J192_K10_A20_D48_full_s20260822,D,D_48,16,192,10,20,3,48,full,build,main,20260822,emission_cache_hit,15,0,1,0,0.000610375,0.000046521,0.000687166,0.000606792,0.000652833,0.037715,0.000610000,0.000043000,0.000674600,369692672,123280,1232800,3072,30720,1532640,0.247368,4.7000,10.22,9.66,nan,
D/N16_J192_K10_A20_D48_full_s20260822,D,D_48,16,192,10,20,3,48,full,cond,main,20260822,cond_plain,15,0,1,0,0.307052625,0.011619458,0.319009133,0.300751958,0.312690726,0.019441,0.301893000,0.009788500,0.310517400,793489408,123280,1232800,3072,30720,1532640,0.247368,4.7000,9.96,9.99,nan,
D/N16_J192_K10_A20_D48_full_s20260822,D,D_48,16,192,10,20,3,48,full,cond,main,20260822,cond_structural,13,1,1,0,36.756655209,0.095953333,36.803561675,36.695332709,36.791286042,0.001305,36.146410000,0.063043000,36.204283200,793489408,123280,1232800,3072,30720,1532640,0.247368,4.7000,9.96,9.99,nan,
D/N16_J192_K10_A20_D48_full_s20260822,D,D_48,16,192,10,20,3,48,full,marg,main,20260822,marg_plain,15,0,1,0,0.303682500,0.015169562,0.317981817,0.296169791,0.313350000,0.028286,0.298888000,0.010279500,0.308185200,851419136,123280,1232800,3072,30720,1532640,0.247368,4.7000,9.99,9.67,nan,
D/N16_J192_K10_A20_D48_full_s20260822,D,D_48,16,192,10,20,3,48,full,marg,main,20260822,marg_structural,13,1,1,0,37.070470000,0.167082209,37.228174266,37.053667625,37.220749834,0.002254,36.485166000,0.145191000,36.581899800,851419136,123280,1232800,3072,30720,1532640,0.247368,4.7000,9.99,9.67,nan,
D/N16_J192_K10_A20_D48_full_s20260822,D,D_48,16,192,10,20,3,48,full,primitives,main,20260822,backward_sample,15,0,0,0,0.152706916,0.007640563,0.158758775,0.149536083,0.156605334,0.023146,0.150313000,0.006349500,0.152696200,402636800,123280,1232800,3072,30720,1532640,0.247368,4.7000,9.85,9.52,nan,
D/N16_J192_K10_A20_D48_full_s20260822,D,D_48,16,192,10,20,3,48,full,primitives,main,20260822,ffbs_complete,15,0,0,0,0.228555375,0.013870084,0.242350417,0.221746708,0.234709292,0.028358,0.221623000,0.009336500,0.231451400,402636800,123280,1232800,3072,30720,1532640,0.247368,4.7000,9.85,9.52,nan,
D/N16_J192_K10_A20_D48_full_s20260822,D,D_48,16,192,10,20,3,48,full,primitives,main,20260822,forward_batched,15,0,0,0,0.073218042,0.005239709,0.079126592,0.071111958,0.076935959,0.039772,0.071884000,0.003433500,0.076656200,402636800,123280,1232800,3072,30720,1532640,0.247368,4.7000,9.85,9.52,nan,
D/N16_J192_K10_A20_D6_full_s20260822,D,D_6,16,192,10,20,3,6,full,build,main,20260822,emission_build,15,0,0,0,0.250639792,0.002015813,0.252125350,0.249587083,0.251306667,0.003430,0.250464000,0.002021500,0.251919000,235446272,12064,120640,3072,30720,427200,0.247368,4.7000,1.71,1.65,nan,
D/N16_J192_K10_A20_D6_full_s20260822,D,D_6,16,192,10,20,3,6,full,build,main,20260822,emission_cache_hit,15,0,0,0,0.000220333,0.000012666,0.000232284,0.000215084,0.000227125,0.027325,0.000220000,0.000012000,0.000232000,235446272,12064,120640,3072,30720,427200,0.247368,4.7000,1.71,1.65,nan,
D/N16_J192_K10_A20_D6_full_s20260822,D,D_6,16,192,10,20,3,6,full,cond,main,20260822,cond_plain,15,0,0,0,0.042464750,0.000352479,0.042968400,0.042278750,0.042652750,0.004404,0.042464000,0.000342000,0.042910600,471674880,12064,120640,3072,30720,427200,0.247368,4.7000,1.90,1.84,nan,
D/N16_J192_K10_A20_D6_full_s20260822,D,D_6,16,192,10,20,3,6,full,cond,main,20260822,cond_structural,15,0,0,0,0.336397583,0.001595958,0.337293000,0.335558792,0.337049250,0.002215,0.336224000,0.001538000,0.337041200,471674880,12064,120640,3072,30720,427200,0.247368,4.7000,1.90,1.84,nan,
D/N16_J192_K10_A20_D6_full_s20260822,D,D_6,16,192,10,20,3,6,full,marg,main,20260822,marg_plain,15,0,0,0,0.041704083,0.000284791,0.041922484,0.041458208,0.041764875,0.003677,0.041641000,0.000277500,0.041889600,472039424,12064,120640,3072,30720,427200,0.247368,4.7000,1.84,1.71,nan,
D/N16_J192_K10_A20_D6_full_s20260822,D,D_6,16,192,10,20,3,6,full,marg,main,20260822,marg_structural,15,0,0,0,0.332432209,0.000835042,0.334232317,0.331886208,0.332722500,0.001258,0.332229000,0.000795000,0.333919600,472039424,12064,120640,3072,30720,427200,0.247368,4.7000,1.84,1.71,nan,
D/N16_J192_K10_A20_D6_full_s20260822,D,D_6,16,192,10,20,3,6,full,primitives,main,20260822,backward_sample,15,0,0,0,0.018557250,0.000296187,0.018763383,0.018355375,0.018688375,0.008972,0.018559000,0.000300500,0.018764000,251060224,12064,120640,3072,30720,427200,0.247368,4.7000,1.90,1.90,nan,
D/N16_J192_K10_A20_D6_full_s20260822,D,D_6,16,192,10,20,3,6,full,primitives,main,20260822,ffbs_complete,15,0,0,0,0.030508625,0.000437021,0.030748800,0.030184500,0.030679542,0.008113,0.030499000,0.000447000,0.030746600,251060224,12064,120640,3072,30720,427200,0.247368,4.7000,1.90,1.90,nan,
D/N16_J192_K10_A20_D6_full_s20260822,D,D_6,16,192,10,20,3,6,full,primitives,main,20260822,forward_batched,15,0,0,0,0.011800834,0.000371188,0.012122267,0.011689000,0.012013375,0.013744,0.011802000,0.000335500,0.012122400,251060224,12064,120640,3072,30720,427200,0.247368,4.7000,1.90,1.90,nan,
D/N16_J192_K10_A20_D96_full_s20260822,D,D_96,16,192,10,20,3,96,full,build,main,20260822,emission_build,5,1,0,0,44.558012334,0.070932083,44.623638783,44.451629834,44.651970250,0.002248,44.555178000,0.072199000,44.620680000,402935808,215824,2158240,3072,30720,2450400,0.247368,4.7000,1.86,1.40,nan,
D/N16_J192_K10_A20_D96_full_s20260822,D,D_96,16,192,10,20,3,96,full,build,main,20260822,emission_cache_hit,9,1,0,1,0.000264667,0.000025584,0.000288308,0.000250167,0.000279833,0.056044,0.000263000,0.000026000,0.000288200,402935808,215824,2158240,3072,30720,2450400,0.247368,4.7000,1.86,1.40,nan,
D/N16_J192_K10_A20_D96_full_s20260822,D,D_96,16,192,10,20,3,96,full,cond,main,20260822,cond_plain,5,1,0,0,0.176372083,0.002015125,0.178547617,0.167189416,0.178669583,0.032545,0.176367000,0.002012000,0.178534400,1152884736,215824,2158240,3072,30720,2450400,0.247368,4.7000,2.03,1.39,nan,
D/N16_J192_K10_A20_D96_full_s20260822,D,D_96,16,192,10,20,3,96,full,cond,main,20260822,cond_structural,5,1,0,0,44.914437708,0.063693958,44.955176808,44.830153584,44.966935125,0.001523,44.911514000,0.060473000,44.950808800,1152884736,215824,2158240,3072,30720,2450400,0.247368,4.7000,2.03,1.39,nan,
D/N16_J192_K10_A20_D96_full_s20260822,D,D_96,16,192,10,20,3,96,full,marg,main,20260822,marg_plain,5,1,0,0,0.173242416,0.001050167,0.174246875,0.164093958,0.174572042,0.030241,0.173244000,0.001044000,0.174242600,1241485312,215824,2158240,3072,30720,2450400,0.247368,4.7000,1.39,1.86,nan,
D/N16_J192_K10_A20_D96_full_s20260822,D,D_96,16,192,10,20,3,96,full,marg,main,20260822,marg_structural,5,1,0,0,45.055691250,0.012192625,45.083728208,44.880549375,45.101643958,0.002454,45.051126000,0.013936000,45.080800800,1241485312,215824,2158240,3072,30720,2450400,0.247368,4.7000,1.39,1.86,nan,
D/N16_J192_K10_A20_D96_full_s20260822,D,D_96,16,192,10,20,3,96,full,primitives,main,20260822,backward_sample,5,1,0,0,0.094929834,0.000302542,0.096396333,0.094523708,0.097366750,0.014974,0.094921000,0.000328000,0.096381800,442499072,215824,2158240,3072,30720,2450400,0.247368,4.7000,2.74,2.03,nan,
D/N16_J192_K10_A20_D96_full_s20260822,D,D_96,16,192,10,20,3,96,full,primitives,main,20260822,ffbs_complete,5,1,0,0,0.136687042,0.000717458,0.140460167,0.135681875,0.142972584,0.026669,0.136680000,0.000717000,0.140456200,442499072,215824,2158240,3072,30720,2450400,0.247368,4.7000,2.74,2.03,nan,
D/N16_J192_K10_A20_D96_full_s20260822,D,D_96,16,192,10,20,3,96,full,primitives,main,20260822,forward_batched,7,1,0,0,0.040465709,0.000258583,0.040681017,0.040348959,0.040680917,0.004102,0.040465000,0.000259500,0.040682400,442499072,215824,2158240,3072,30720,2450400,0.247368,4.7000,2.74,2.03,nan,
J/N16_J1024_K10_A20_D12_full_s20260822,J,J_1024,16,1024,10,20,3,12,full,build,main,20260822,emission_build,5,1,0,0,5.516563208,0.011333834,5.553270959,5.430042500,5.572310375,0.012895,5.516261000,0.011408000,5.552844800,1685884928,162800,1628000,16384,163840,3264800,0.247368,4.7000,1.52,1.48,nan,
J/N16_J1024_K10_A20_D12_full_s20260822,J,J_1024,16,1024,10,20,3,12,full,build,main,20260822,emission_cache_hit,12,1,0,0,0.000246105,0.000021500,0.000271171,0.000239979,0.000264563,0.049945,0.000245000,0.000021750,0.000270900,1685884928,162800,1628000,16384,163840,3264800,0.247368,4.7000,1.52,1.48,nan,
J/N16_J1024_K10_A20_D12_full_s20260822,J,J_1024,16,1024,10,20,3,12,full,cond,main,20260822,cond_plain,5,1,0,0,0.528797208,0.006390458,0.542289550,0.522985500,0.550381834,0.025904,0.528766000,0.006388000,0.542259200,4995375104,162800,1628000,16384,163840,3264800,0.247368,4.7000,1.41,1.43,nan,
J/N16_J1024_K10_A20_D12_full_s20260822,J,J_1024,16,1024,10,20,3,12,full,cond,main,20260822,cond_structural,5,1,0,0,6.136875958,0.030849417,6.174939900,6.050382500,6.188601000,0.011261,6.105212000,0.029709000,6.153101400,4995375104,162800,1628000,16384,163840,3264800,0.247368,4.7000,1.41,1.43,nan,
J/N16_J1024_K10_A20_D12_full_s20260822,J,J_1024,16,1024,10,20,3,12,full,marg,main,20260822,marg_plain,21,0,0,0,0.529783584,0.125741416,0.800898708,0.525668458,0.574937500,0.046499,0.529756000,0.099399000,0.713710000,5131534336,162800,1628000,16384,163840,3264800,0.247368,4.7000,1.32,1.52,nan,
J/N16_J1024_K10_A20_D12_full_s20260822,J,J_1024,16,1024,10,20,3,12,full,marg,main,20260822,marg_structural,5,1,0,0,7.048392084,0.134419209,7.270720941,6.903746708,7.404514541,0.035524,6.938202000,0.084221000,7.054611600,5131534336,162800,1628000,16384,163840,3264800,0.247368,4.7000,1.32,1.52,nan,
J/N16_J1024_K10_A20_D12_full_s20260822,J,J_1024,16,1024,10,20,3,12,full,primitives,main,20260822,backward_sample,5,1,0,0,0.156720209,0.000705750,0.157508009,0.156314542,0.157727875,0.004509,0.156713000,0.000707000,0.157505000,3023478784,162800,1628000,16384,163840,3264800,0.247368,4.7000,1.48,1.44,nan,
J/N16_J1024_K10_A20_D12_full_s20260822,J,J_1024,16,1024,10,20,3,12,full,primitives,main,20260822,ffbs_complete,5,1,0,0,0.478875292,0.002234416,0.480152141,0.475779167,0.480981541,0.005432,0.478804000,0.002203000,0.480104600,3023478784,162800,1628000,16384,163840,3264800,0.247368,4.7000,1.48,1.44,nan,
J/N16_J1024_K10_A20_D12_full_s20260822,J,J_1024,16,1024,10,20,3,12,full,primitives,main,20260822,forward_batched,5,1,0,0,0.319815292,0.000709584,0.320817400,0.318591084,0.321195500,0.004072,0.319809000,0.000698000,0.320800000,3023478784,162800,1628000,16384,163840,3264800,0.247368,4.7000,1.48,1.44,nan,
J/N16_J192_K10_A20_D12_full_s20260822,J,J_192,16,192,10,20,3,12,full,build,main,20260822,emission_build,15,0,0,0,1.017776916,0.021970417,1.040874800,1.014651250,1.038681792,0.011805,1.015901000,0.017568500,1.035030400,272707584,29680,296800,3072,30720,602400,0.247368,4.7000,2.14,2.85,nan,
J/N16_J192_K10_A20_D12_full_s20260822,J,J_192,16,192,10,20,3,12,full,build,main,20260822,emission_cache_hit,15,0,0,0,0.000238250,0.000014416,0.000251658,0.000233458,0.000250708,0.036201,0.000238000,0.000014500,0.000252600,272707584,29680,296800,3072,30720,602400,0.247368,4.7000,2.14,2.85,nan,
J/N16_J192_K10_A20_D12_full_s20260822,J,J_192,16,192,10,20,3,12,full,cond,main,20260822,cond_plain,15,0,0,0,0.061833833,0.000578896,0.062894109,0.061508458,0.062026250,0.004187,0.061725000,0.000561000,0.062721200,578506752,29680,296800,3072,30720,602400,0.247368,4.7000,2.70,2.76,nan,
J/N16_J192_K10_A20_D12_full_s20260822,J,J_192,16,192,10,20,3,12,full,cond,main,20260822,cond_structural,15,0,0,0,1.093627875,0.025624750,1.117930225,1.091362625,1.117148209,0.011789,1.091322000,0.020367000,1.112870600,578506752,29680,296800,3072,30720,602400,0.247368,4.7000,2.70,2.76,nan,
J/N16_J192_K10_A20_D12_full_s20260822,J,J_192,16,192,10,20,3,12,full,marg,main,20260822,marg_plain,15,0,0,0,0.060460208,0.000587312,0.060815117,0.060160792,0.060723959,0.004657,0.060382000,0.000518000,0.060732400,586346496,29680,296800,3072,30720,602400,0.247368,4.7000,2.76,2.29,nan,
J/N16_J192_K10_A20_D12_full_s20260822,J,J_192,16,192,10,20,3,12,full,marg,main,20260822,marg_structural,15,0,0,0,1.155236791,0.017151709,1.182207741,1.151728916,1.179222917,0.011900,1.154037000,0.012406500,1.175102600,586346496,29680,296800,3072,30720,602400,0.247368,4.7000,2.76,2.29,nan,
J/N16_J192_K10_A20_D12_full_s20260822,J,J_192,16,192,10,20,3,12,full,primitives,main,20260822,backward_sample,15,0,0,0,0.028546958,0.000550312,0.029588391,0.028405292,0.028962416,0.009758,0.028449000,0.000552500,0.029449400,274100224,29680,296800,3072,30720,602400,0.247368,4.7000,2.85,2.70,nan,
J/N16_J192_K10_A20_D12_full_s20260822,J,J_192,16,192,10,20,3,12,full,primitives,main,20260822,ffbs_complete,15,0,0,0,0.042658000,0.000627812,0.043356625,0.042307959,0.042858000,0.006447,0.042597000,0.000607000,0.043275000,274100224,29680,296800,3072,30720,602400,0.247368,4.7000,2.85,2.70,nan,
J/N16_J192_K10_A20_D12_full_s20260822,J,J_192,16,192,10,20,3,12,full,primitives,main,20260822,forward_batched,15,0,0,0,0.013681250,0.000286250,0.014051750,0.013452166,0.013700958,0.009092,0.013681000,0.000284500,0.014009800,274100224,29680,296800,3072,30720,602400,0.247368,4.7000,2.85,2.70,nan,
J/N16_J24_K10_A20_D12_full_s20260822,J,J_24,16,24,10,20,3,12,full,build,main,20260822,emission_build,15,0,0,0,0.135702667,0.001084416,0.141815658,0.135241875,0.136248875,0.003710,0.135473000,0.001014500,0.139872800,120823808,2800,28000,384,3840,64800,0.247368,4.7000,2.04,2.04,nan,
J/N16_J24_K10_A20_D12_full_s20260822,J,J_24,16,24,10,20,3,12,full,build,main,20260822,emission_cache_hit,16,0,0,0,0.000215813,0.000016780,0.000239125,0.000207541,0.000224691,0.039734,0.000215500,0.000017250,0.000239000,120823808,2800,28000,384,3840,64800,0.247368,4.7000,2.04,2.04,nan,
J/N16_J24_K10_A20_D12_full_s20260822,J,J_24,16,24,10,20,3,12,full,cond,main,20260822,cond_plain,15,0,0,0,0.011920042,0.000358605,0.012378559,0.011850291,0.012103875,0.010637,0.011894000,0.000353500,0.012323000,131846144,2800,28000,384,3840,64800,0.247368,4.7000,1.87,1.87,nan,
J/N16_J24_K10_A20_D12_full_s20260822,J,J_24,16,24,10,20,3,12,full,cond,main,20260822,cond_structural,15,0,0,0,0.149992125,0.000826604,0.153157609,0.149823431,0.150593209,0.002566,0.149716000,0.000789000,0.152678600,131846144,2800,28000,384,3840,64800,0.247368,4.7000,1.87,1.87,nan,
J/N16_J24_K10_A20_D12_full_s20260822,J,J_24,16,24,10,20,3,12,full,marg,main,20260822,marg_plain,15,0,0,0,0.011814209,0.000297646,0.012270175,0.011603041,0.011924709,0.013614,0.011815000,0.000259500,0.012238400,131493888,2800,28000,384,3840,64800,0.247368,4.7000,1.96,1.96,nan,
J/N16_J24_K10_A20_D12_full_s20260822,J,J_24,16,24,10,20,3,12,full,marg,main,20260822,marg_structural,15,0,0,0,0.156180250,0.000784542,0.157387509,0.156038750,0.157090584,0.003367,0.155881000,0.000687500,0.156991800,131493888,2800,28000,384,3840,64800,0.247368,4.7000,1.96,1.96,nan,
J/N16_J24_K10_A20_D12_full_s20260822,J,J_24,16,24,10,20,3,12,full,primitives,main,20260822,backward_sample,15,0,0,0,0.003110750,0.000050959,0.003185092,0.003088791,0.003140792,0.008358,0.003111000,0.000049500,0.003174000,116264960,2800,28000,384,3840,64800,0.247368,4.7000,1.87,1.87,nan,
J/N16_J24_K10_A20_D12_full_s20260822,J,J_24,16,24,10,20,3,12,full,primitives,main,20260822,ffbs_complete,15,0,0,0,0.004647750,0.000085937,0.004795600,0.004637209,0.004730292,0.010014,0.004648000,0.000061000,0.004795600,116264960,2800,28000,384,3840,64800,0.247368,4.7000,1.87,1.87,nan,
J/N16_J24_K10_A20_D12_full_s20260822,J,J_24,16,24,10,20,3,12,full,primitives,main,20260822,forward_batched,15,0,0,0,0.001466917,0.000047458,0.001656725,0.001456833,0.001514708,0.019727,0.001467000,0.000047500,0.001653200,116264960,2800,28000,384,3840,64800,0.247368,4.7000,1.87,1.87,nan,
J/N16_J384_K10_A20_D12_full_s20260822,J,J_384,16,384,10,20,3,12,full,build,main,20260822,emission_build,15,0,0,0,3.822156459,0.033859000,3.851262834,3.806628292,3.845222750,0.005049,3.815138000,0.033847000,3.838249400,549912576,60400,604000,6144,61440,1216800,0.247368,4.7000,7.11,5.97,nan,
J/N16_J384_K10_A20_D12_full_s20260822,J,J_384,16,384,10,20,3,12,full,build,main,20260822,emission_cache_hit,21,0,0,0,0.000443875,0.000055958,0.000507125,0.000437250,0.000480875,0.049141,0.000443000,0.000056000,0.000506000,549912576,60400,604000,6144,61440,1216800,0.247368,4.7000,7.11,5.97,nan,
J/N16_J384_K10_A20_D12_full_s20260822,J,J_384,16,384,10,20,3,12,full,cond,main,20260822,cond_plain,15,0,0,0,0.147087041,0.000737146,0.148181658,0.146816625,0.147744084,0.003153,0.146995000,0.000666500,0.148120000,1525649408,60400,604000,6144,61440,1216800,0.247368,4.7000,2.09,1.73,nan,
J/N16_J384_K10_A20_D12_full_s20260822,J,J_384,16,384,10,20,3,12,full,cond,main,20260822,cond_structural,15,0,0,0,2.206001375,0.022999979,2.227879816,2.202222333,2.223918583,0.004918,2.203936000,0.019326500,2.222385600,1525649408,60400,604000,6144,61440,1216800,0.247368,4.7000,2.09,1.73,nan,
J/N16_J384_K10_A20_D12_full_s20260822,J,J_384,16,384,10,20,3,12,full,marg,main,20260822,marg_plain,16,0,0,0,0.266356459,0.024101396,0.292708063,0.259981250,0.281295625,0.040011,0.265938000,0.023589750,0.290454500,1462407168,60400,604000,6144,61440,1216800,0.247368,4.7000,11.11,7.11,nan,
J/N16_J384_K10_A20_D12_full_s20260822,J,J_384,16,384,10,20,3,12,full,marg,main,20260822,marg_structural,16,0,0,0,4.537504917,0.337188240,5.007984416,4.476259166,4.779474458,0.033412,4.528498000,0.331498250,4.986201000,1462407168,60400,604000,6144,61440,1216800,0.247368,4.7000,11.11,7.11,nan,
J/N16_J384_K10_A20_D12_full_s20260822,J,J_384,16,384,10,20,3,12,full,primitives,main,20260822,backward_sample,15,0,0,0,0.057938416,0.000547000,0.058316783,0.057747917,0.058142667,0.003407,0.057846000,0.000535000,0.058272000,642535424,60400,604000,6144,61440,1216800,0.247368,4.7000,2.29,2.19,nan,
J/N16_J384_K10_A20_D12_full_s20260822,J,J_384,16,384,10,20,3,12,full,primitives,main,20260822,ffbs_complete,15,0,0,0,0.122454125,0.001046250,0.123165050,0.121852709,0.122789084,0.003823,0.122407000,0.001038000,0.123096800,642535424,60400,604000,6144,61440,1216800,0.247368,4.7000,2.29,2.19,nan,
J/N16_J384_K10_A20_D12_full_s20260822,J,J_384,16,384,10,20,3,12,full,primitives,main,20260822,forward_batched,15,0,0,0,0.063593334,0.000538563,0.064323366,0.063397666,0.063970625,0.004505,0.063578000,0.000524000,0.064308000,642535424,60400,604000,6144,61440,1216800,0.247368,4.7000,2.29,2.19,nan,
J/N16_J48_K10_A20_D12_full_s20260822,J,J_48,16,48,10,20,3,12,full,build,main,20260822,emission_build,15,0,0,0,0.265359167,0.001712812,0.281823275,0.264303833,0.266197000,0.003567,0.264843000,0.001564500,0.279067800,141795328,6640,66400,768,7680,141600,0.247368,4.7000,2.11,2.18,nan,
J/N16_J48_K10_A20_D12_full_s20260822,J,J_48,16,48,10,20,3,12,full,build,main,20260822,emission_cache_hit,15,0,0,0,0.000223208,0.000016938,0.000237583,0.000212666,0.000232000,0.043309,0.000224000,0.000017000,0.000237600,141795328,6640,66400,768,7680,141600,0.247368,4.7000,2.11,2.18,nan,
J/N16_J48_K10_A20_D12_full_s20260822,J,J_48,16,48,10,20,3,12,full,cond,main,20260822,cond_plain,15,0,0,0,0.020393209,0.000420750,0.020743017,0.020243050,0.020584793,0.008379,0.020372000,0.000382500,0.020675400,171642880,6640,66400,768,7680,141600,0.247368,4.7000,2.04,2.03,nan,
J/N16_J48_K10_A20_D12_full_s20260822,J,J_48,16,48,10,20,3,12,full,cond,main,20260822,cond_structural,15,0,0,0,0.288376584,0.001837584,0.314466592,0.287540333,0.289444709,0.003302,0.287775000,0.001676000,0.309129800,171642880,6640,66400,768,7680,141600,0.247368,4.7000,2.04,2.03,nan,
J/N16_J48_K10_A20_D12_full_s20260822,J,J_48,16,48,10,20,3,12,full,marg,main,20260822,marg_plain,15,0,0,0,0.020210584,0.000483833,0.020790150,0.020063167,0.020523500,0.011388,0.020208000,0.000438500,0.020686200,172453888,6640,66400,768,7680,141600,0.247368,4.7000,2.03,2.11,nan,
J/N16_J48_K10_A20_D12_full_s20260822,J,J_48,16,48,10,20,3,12,full,marg,main,20260822,marg_structural,15,0,0,0,0.304582000,0.002137938,0.313544400,0.304412166,0.306869667,0.004034,0.304015000,0.002098000,0.311919600,172453888,6640,66400,768,7680,141600,0.247368,4.7000,2.03,2.11,nan,
J/N16_J48_K10_A20_D12_full_s20260822,J,J_48,16,48,10,20,3,12,full,primitives,main,20260822,backward_sample,15,0,0,0,0.006513208,0.000082687,0.006603050,0.006492375,0.006568053,0.005810,0.006512000,0.000061500,0.006566200,138063872,6640,66400,768,7680,141600,0.247368,4.7000,2.16,2.16,nan,
J/N16_J48_K10_A20_D12_full_s20260822,J,J_48,16,48,10,20,3,12,full,primitives,main,20260822,ffbs_complete,15,0,0,0,0.009729042,0.000111813,0.010024491,0.009690833,0.009808416,0.006043,0.009716000,0.000101000,0.009974600,138063872,6640,66400,768,7680,141600,0.247368,4.7000,2.16,2.16,nan,
J/N16_J48_K10_A20_D12_full_s20260822,J,J_48,16,48,10,20,3,12,full,primitives,main,20260822,forward_batched,15,0,0,0,0.003116667,0.000108749,0.003262975,0.003091917,0.003176708,0.013603,0.003112000,0.000109500,0.003253800,138063872,6640,66400,768,7680,141600,0.247368,4.7000,2.16,2.16,nan,
J/N16_J768_K10_A20_D12_full_s20260822,J,J_768,16,768,10,20,3,12,full,build,main,20260822,emission_build,5,1,0,0,4.134620958,0.008096542,4.139984692,4.071983041,4.143488875,0.008647,4.134293000,0.008142000,4.139577400,1041154048,121840,1218400,12288,122880,2445600,0.247368,4.7000,1.50,1.46,nan,
J/N16_J768_K10_A20_D12_full_s20260822,J,J_768,16,768,10,20,3,12,full,build,main,20260822,emission_cache_hit,7,1,0,0,0.000254292,0.000015605,0.000282117,0.000244083,0.000261667,0.034574,0.000254000,0.000016000,0.000281800,1041154048,121840,1218400,12288,122880,2445600,0.247368,4.7000,1.50,1.46,nan,
J/N16_J768_K10_A20_D12_full_s20260822,J,J_768,16,768,10,20,3,12,full,cond,main,20260822,cond_plain,5,1,0,0,0.350298375,0.002187917,0.351410792,0.346903500,0.351715708,0.006869,0.350300000,0.002201000,0.351378800,3637415936,121840,1218400,12288,122880,2445600,0.247368,4.7000,1.79,1.53,nan,
J/N16_J768_K10_A20_D12_full_s20260822,J,J_768,16,768,10,20,3,12,full,cond,main,20260822,cond_structural,5,1,0,0,4.479047541,0.006083168,4.491737459,4.477651250,4.496919792,0.002151,4.478704000,0.006184000,4.491540400,3637415936,121840,1218400,12288,122880,2445600,0.247368,4.7000,1.79,1.53,nan,
J/N16_J768_K10_A20_D12_full_s20260822,J,J_768,16,768,10,20,3,12,full,marg,main,20260822,marg_plain,5,1,0,0,0.346393125,0.001718834,0.348485692,0.344583125,0.349048125,0.006445,0.346347000,0.001675000,0.348410200,4429135872,121840,1218400,12288,122880,2445600,0.247368,4.7000,1.53,1.37,nan,
J/N16_J768_K10_A20_D12_full_s20260822,J,J_768,16,768,10,20,3,12,full,marg,main,20260822,marg_structural,5,1,0,0,5.239052625,0.011398833,5.247215025,5.222052792,5.251455875,0.002806,5.238748000,0.011281000,5.246798400,4429135872,121840,1218400,12288,122880,2445600,0.247368,4.7000,1.53,1.37,nan,
J/N16_J768_K10_A20_D12_full_s20260822,J,J_768,16,768,10,20,3,12,full,primitives,main,20260822,backward_sample,5,1,0,0,0.115491041,0.000254874,0.115665666,0.115323625,0.115686250,0.001570,0.115492000,0.000240000,0.115644200,1794965504,121840,1218400,12288,122880,2445600,0.247368,4.7000,1.46,1.44,nan,
J/N16_J768_K10_A20_D12_full_s20260822,J,J_768,16,768,10,20,3,12,full,primitives,main,20260822,ffbs_complete,5,1,0,0,0.309597458,0.003249125,0.311888917,0.307279750,0.312167084,0.007893,0.309555000,0.003261000,0.311874200,1794965504,121840,1218400,12288,122880,2445600,0.247368,4.7000,1.46,1.44,nan,
J/N16_J768_K10_A20_D12_full_s20260822,J,J_768,16,768,10,20,3,12,full,primitives,main,20260822,forward_batched,5,1,0,0,0.192713583,0.001482750,0.194606208,0.191398583,0.195249708,0.009992,0.192711000,0.001473000,0.194595200,1794965504,121840,1218400,12288,122880,2445600,0.247368,4.7000,1.46,1.44,nan,
J/N16_J96_K10_A20_D12_full_s20260822,J,J_96,16,96,10,20,3,12,full,build,main,20260822,emission_build,15,0,0,0,0.522844917,0.003040563,0.537825625,0.521995791,0.524385792,0.002286,0.521699000,0.002804000,0.533868600,180969472,14320,143200,1536,15360,295200,0.247368,4.7000,2.34,2.28,nan,
J/N16_J96_K10_A20_D12_full_s20260822,J,J_96,16,96,10,20,3,12,full,build,main,20260822,emission_cache_hit,15,0,0,0,0.000238875,0.000009563,0.000251417,0.000233916,0.000243083,0.019188,0.000238000,0.000009000,0.000250600,180969472,14320,143200,1536,15360,295200,0.247368,4.7000,2.34,2.28,nan,
J/N16_J96_K10_A20_D12_full_s20260822,J,J_96,16,96,10,20,3,12,full,cond,main,20260822,cond_plain,15,0,0,0,0.035991542,0.000507979,0.036240158,0.035516292,0.036110584,0.008256,0.035791000,0.000526500,0.036169200,266051584,14320,143200,1536,15360,295200,0.247368,4.7000,2.28,2.14,nan,
J/N16_J96_K10_A20_D12_full_s20260822,J,J_96,16,96,10,20,3,12,full,cond,main,20260822,cond_structural,15,0,0,0,0.558928458,0.003046438,0.574749950,0.556790875,0.559582167,0.002497,0.557890000,0.002935500,0.569738200,266051584,14320,143200,1536,15360,295200,0.247368,4.7000,2.28,2.14,nan,
J/N16_J96_K10_A20_D12_full_s20260822,J,J_96,16,96,10,20,3,12,full,marg,main,20260822,marg_plain,15,0,0,0,0.036286792,0.000589645,0.036525292,0.035758834,0.036379875,0.008557,0.036185000,0.000542500,0.036463600,276004864,14320,143200,1536,15360,295200,0.247368,4.7000,2.16,2.34,nan,
J/N16_J96_K10_A20_D12_full_s20260822,J,J_96,16,96,10,20,3,12,full,marg,main,20260822,marg_structural,15,0,0,0,0.600714875,0.014812355,0.620971092,0.592168666,0.606184542,0.011666,0.599202000,0.014077000,0.613900600,276004864,14320,143200,1536,15360,295200,0.247368,4.7000,2.16,2.34,nan,
J/N16_J96_K10_A20_D12_full_s20260822,J,J_96,16,96,10,20,3,12,full,primitives,main,20260822,backward_sample,15,0,0,0,0.013920875,0.000341230,0.014343883,0.013785166,0.014038917,0.009114,0.013899000,0.000284000,0.014230000,168267776,14320,143200,1536,15360,295200,0.247368,4.7000,2.28,2.28,nan,
J/N16_J96_K10_A20_D12_full_s20260822,J,J_96,16,96,10,20,3,12,full,primitives,main,20260822,ffbs_complete,15,0,0,0,0.020368125,0.000664562,0.021012391,0.020093833,0.020776958,0.016769,0.020363000,0.000643500,0.020966600,168267776,14320,143200,1536,15360,295200,0.247368,4.7000,2.28,2.28,nan,
J/N16_J96_K10_A20_D12_full_s20260822,J,J_96,16,96,10,20,3,12,full,primitives,main,20260822,forward_batched,15,0,0,0,0.006400500,0.000275688,0.006694991,0.006307625,0.006603542,0.023117,0.006402000,0.000245000,0.006641800,168267776,14320,143200,1536,15360,295200,0.247368,4.7000,2.28,2.28,nan,
K/N32_J128_K10_A20_D12_full_s20260822,K,K_10,32,128,10,20,3,12,full,build,main,20260822,emission_build,15,0,0,0,3.691248583,0.099932917,3.826439192,3.618173792,3.721717167,0.014026,3.542583000,0.081009500,3.609064800,342110208,38880,388800,4096,40960,795200,0.247368,4.7000,12.22,11.89,nan,
K/N32_J128_K10_A20_D12_full_s20260822,K,K_10,32,128,10,20,3,12,full,build,main,20260822,emission_cache_hit,15,0,0,0,0.000625625,0.000043458,0.000712425,0.000598458,0.000646208,0.038162,0.000624000,0.000044000,0.000710400,342110208,38880,388800,4096,40960,795200,0.247368,4.7000,12.22,11.89,nan,
K/N32_J128_K10_A20_D12_full_s20260822,K,K_10,32,128,10,20,3,12,full,cond,main,20260822,cond_plain,15,0,0,0,0.178161166,0.006722334,0.187170917,0.176930625,0.185158542,0.023091,0.175335000,0.004861000,0.180278000,595898368,38880,388800,4096,40960,795200,0.247368,4.7000,10.16,10.06,nan,
K/N32_J128_K10_A20_D12_full_s20260822,K,K_10,32,128,10,20,3,12,full,cond,main,20260822,cond_structural,15,0,0,0,3.524001584,0.028226166,3.556241625,3.513140667,3.545049583,0.004527,3.464431000,0.021348000,3.488185800,595898368,38880,388800,4096,40960,795200,0.247368,4.7000,10.16,10.06,nan,
K/N32_J128_K10_A20_D12_full_s20260822,K,K_10,32,128,10,20,3,12,full,marg,main,20260822,marg_plain,15,0,0,0,0.182118167,0.008661062,0.191060983,0.177031750,0.187121333,0.027701,0.179430000,0.004543000,0.184412400,588914688,38880,388800,4096,40960,795200,0.247368,4.7000,10.06,10.71,nan,
K/N32_J128_K10_A20_D12_full_s20260822,K,K_10,32,128,10,20,3,12,full,marg,main,20260822,marg_structural,15,0,0,0,3.731935084,0.295077500,4.060797117,3.721738750,3.991418500,0.036131,3.658634000,0.205326500,3.877911200,588914688,38880,388800,4096,40960,795200,0.247368,4.7000,10.06,10.71,nan,
K/N32_J128_K10_A20_D12_full_s20260822,K,K_10,32,128,10,20,3,12,full,primitives,main,20260822,backward_sample,15,0,0,0,0.089474667,0.005496876,0.096357425,0.086826541,0.093340917,0.036403,0.088587000,0.004128000,0.092261600,356806656,38880,388800,4096,40960,795200,0.247368,4.7000,11.98,11.59,nan,
K/N32_J128_K10_A20_D12_full_s20260822,K,K_10,32,128,10,20,3,12,full,primitives,main,20260822,ffbs_complete,15,0,0,0,0.142181334,0.006338291,0.149049033,0.138763750,0.144261583,0.019334,0.138927000,0.006191000,0.143243200,356806656,38880,388800,4096,40960,795200,0.247368,4.7000,11.98,11.59,nan,
K/N32_J128_K10_A20_D12_full_s20260822,K,K_10,32,128,10,20,3,12,full,primitives,main,20260822,forward_batched,19,0,0,0,0.049335708,0.005606938,0.057330625,0.047847458,0.052687125,0.049048,0.048224000,0.004217500,0.053460800,356806656,38880,388800,4096,40960,795200,0.247368,4.7000,11.98,11.59,nan,
K/N32_J128_K20_A20_D12_full_s20260822,K,K_20,32,128,20,20,3,12,full,build,main,20260822,emission_build,15,0,0,0,6.704001291,0.033150709,6.743871583,6.685374000,6.721969875,0.002729,6.592389000,0.018747000,6.617344400,398544896,38880,777600,4096,81920,2409600,0.259605,4.9325,9.64,10.04,nan,
K/N32_J128_K20_A20_D12_full_s20260822,K,K_20,32,128,20,20,3,12,full,build,main,20260822,emission_cache_hit,15,0,0,0,0.001034958,0.000037501,0.001174800,0.001014167,0.001038917,0.011957,0.001034000,0.000037000,0.001162000,398544896,38880,777600,4096,81920,2409600,0.259605,4.9325,9.64,10.04,nan,
K/N32_J128_K20_A20_D12_full_s20260822,K,K_20,32,128,20,20,3,12,full,cond,main,20260822,cond_plain,15,0,0,0,0.338062875,0.011074167,0.351922983,0.334783500,0.347838958,0.019309,0.332411000,0.007866000,0.341773800,899633152,38880,777600,4096,81920,2409600,0.259605,4.9325,9.81,9.57,nan,
K/N32_J128_K20_A20_D12_full_s20260822,K,K_20,32,128,20,20,3,12,full,cond,main,20260822,cond_structural,15,0,0,0,7.081982208,0.063020458,7.147675225,7.061554792,7.135252542,0.005203,6.971670000,0.047780500,7.025534400,899633152,38880,777600,4096,81920,2409600,0.259605,4.9325,9.81,9.57,nan,
K/N32_J128_K20_A20_D12_full_s20260822,K,K_20,32,128,20,20,3,12,full,marg,main,20260822,marg_plain,15,0,0,0,0.340967500,0.007908396,0.347501108,0.336615000,0.343338958,0.009860,0.334880000,0.004110000,0.339098000,924311552,38880,777600,4096,81920,2409600,0.259605,4.9325,10.41,9.64,nan,
K/N32_J128_K20_A20_D12_full_s20260822,K,K_20,32,128,20,20,3,12,full,marg,main,20260822,marg_structural,15,0,0,0,7.249315500,0.062394145,7.285350183,7.216547875,7.279624833,0.004351,7.113668000,0.033163000,7.143514000,924311552,38880,777600,4096,81920,2409600,0.259605,4.9325,10.41,9.64,nan,
K/N32_J128_K20_A20_D12_full_s20260822,K,K_20,32,128,20,20,3,12,full,primitives,main,20260822,backward_sample,15,0,0,0,0.170775958,0.005147958,0.181217050,0.169735000,0.175001167,0.015418,0.168508000,0.002659000,0.173013400,464846848,38880,777600,4096,81920,2409600,0.259605,4.9325,10.04,9.81,nan,
K/N32_J128_K20_A20_D12_full_s20260822,K,K_20,32,128,20,20,3,12,full,primitives,main,20260822,ffbs_complete,15,0,0,0,0.268162042,0.009912896,0.275633408,0.261773542,0.273736459,0.022305,0.261187000,0.003907000,0.266633000,464846848,38880,777600,4096,81920,2409600,0.259605,4.9325,10.04,9.81,nan,
K/N32_J128_K20_A20_D12_full_s20260822,K,K_20,32,128,20,20,3,12,full,primitives,main,20260822,forward_batched,15,0,0,0,0.089894250,0.007260707,0.095995533,0.086486584,0.093275570,0.037761,0.089524000,0.005385500,0.092323400,464846848,38880,777600,4096,81920,2409600,0.259605,4.9325,10.04,9.81,nan,
K/N32_J128_K3_A20_D12_full_s20260822,K,K_3,32,128,3,20,3,12,full,build,main,20260822,emission_build,15,0,0,0,0.386739167,0.003631208,0.389579267,0.384215042,0.389028167,0.006223,0.386466000,0.003537500,0.389084400,222900224,38880,116640,4096,12288,152544,0.215789,4.1000,1.87,1.74,nan,
K/N32_J128_K3_A20_D12_full_s20260822,K,K_3,32,128,3,20,3,12,full,build,main,20260822,emission_cache_hit,15,0,0,0,0.000108333,0.000007271,0.000119117,0.000106542,0.000113625,0.032691,0.000108000,0.000008000,0.000119200,222900224,38880,116640,4096,12288,152544,0.215789,4.1000,1.87,1.74,nan,
K/N32_J128_K3_A20_D12_full_s20260822,K,K_3,32,128,3,20,3,12,full,cond,main,20260822,cond_plain,15,0,0,0,0.035743833,0.000294895,0.035864417,0.035550709,0.035820791,0.003778,0.035720000,0.000307000,0.035823200,314429440,38880,116640,4096,12288,152544,0.215789,4.1000,1.74,1.62,nan,
K/N32_J128_K3_A20_D12_full_s20260822,K,K_3,32,128,3,20,3,12,full,cond,main,20260822,cond_structural,15,0,0,0,0.474392333,0.001360541,0.492020342,0.473394542,0.475060625,0.001756,0.473999000,0.001192500,0.487599000,314429440,38880,116640,4096,12288,152544,0.215789,4.1000,1.74,1.62,nan,
K/N32_J128_K3_A20_D12_full_s20260822,K,K_3,32,128,3,20,3,12,full,marg,main,20260822,marg_plain,15,0,0,0,0.035395667,0.000328938,0.035642341,0.035254542,0.035572667,0.004494,0.035383000,0.000317500,0.035609000,311529472,38880,116640,4096,12288,152544,0.215789,4.1000,1.65,1.79,nan,
K/N32_J128_K3_A20_D12_full_s20260822,K,K_3,32,128,3,20,3,12,full,marg,main,20260822,marg_structural,15,0,0,0,0.467190042,0.003011500,0.482481550,0.464592208,0.468177533,0.003837,0.466992000,0.003043000,0.478857000,311529472,38880,116640,4096,12288,152544,0.215789,4.1000,1.65,1.79,nan,
K/N32_J128_K3_A20_D12_full_s20260822,K,K_3,32,128,3,20,3,12,full,primitives,main,20260822,backward_sample,15,0,0,0,0.015018000,0.000242396,0.015164425,0.014852500,0.015077375,0.007487,0.014975000,0.000231500,0.015147200,200343552,38880,116640,4096,12288,152544,0.215789,4.1000,1.74,1.74,nan,
K/N32_J128_K3_A20_D12_full_s20260822,K,K_3,32,128,3,20,3,12,full,primitives,main,20260822,ffbs_complete,15,0,0,0,0.023120500,0.000162000,0.023382575,0.022963542,0.023161625,0.004284,0.023119000,0.000175500,0.023346000,200343552,38880,116640,4096,12288,152544,0.215789,4.1000,1.74,1.74,nan,
K/N32_J128_K3_A20_D12_full_s20260822,K,K_3,32,128,3,20,3,12,full,primitives,main,20260822,forward_batched,15,0,0,0,0.008046125,0.000256375,0.008363667,0.007885250,0.008145375,0.016165,0.008041000,0.000252000,0.008331200,200343552,38880,116640,4096,12288,152544,0.215789,4.1000,1.74,1.74,nan,
K/N32_J128_K40_A20_D12_full_s20260822,K,K_40,32,128,40,20,3,12,full,build,main,20260822,emission_build,5,1,0,0,11.053929250,0.027665375,11.072520958,11.014668542,11.078376292,0.002882,11.033871000,0.031831000,11.052793800,509415424,38880,1555200,4096,163840,8096000,0.260855,4.9562,5.97,5.40,nan,
K/N32_J128_K40_A20_D12_full_s20260822,K,K_40,32,128,40,20,3,12,full,build,main,20260822,emission_cache_hit,31,0,0,0,0.001568000,0.000243833,0.001635875,0.001479542,0.001581458,0.032499,0.001567000,0.000244000,0.001628000,509415424,38880,1555200,4096,163840,8096000,0.260855,4.9562,5.97,5.40,nan,
K/N32_J128_K40_A20_D12_full_s20260822,K,K_40,32,128,40,20,3,12,full,cond,main,20260822,cond_plain,5,1,0,0,0.462855750,0.012044667,0.471389908,0.453547833,0.473657708,0.021724,0.460810000,0.011967000,0.470697600,1575362560,38880,1555200,4096,163840,8096000,0.260855,4.9562,5.33,5.37,nan,
K/N32_J128_K40_A20_D12_full_s20260822,K,K_40,32,128,40,20,3,12,full,cond,main,20260822,cond_structural,5,1,0,0,10.427345084,0.062610376,10.432639984,10.354065833,10.433486917,0.003808,10.404426000,0.059650000,10.411109600,1575362560,38880,1555200,4096,163840,8096000,0.260855,4.9562,5.33,5.37,nan,
K/N32_J128_K40_A20_D12_full_s20260822,K,K_40,32,128,40,20,3,12,full,marg,main,20260822,marg_plain,5,1,0,0,0.467573125,0.003675333,0.472523867,0.447122333,0.475469584,0.030313,0.464994000,0.003511000,0.470848400,1595887616,38880,1555200,4096,163840,8096000,0.260855,4.9562,5.37,5.41,nan,
K/N32_J128_K40_A20_D12_full_s20260822,K,K_40,32,128,40,20,3,12,full,marg,main,20260822,marg_structural,5,1,0,0,10.546854583,0.096204875,10.646555900,10.476605292,10.685120167,0.009885,10.526993000,0.093829000,10.614538600,1595887616,38880,1555200,4096,163840,8096000,0.260855,4.9562,5.37,5.41,nan,
K/N32_J128_K40_A20_D12_full_s20260822,K,K_40,32,128,40,20,3,12,full,primitives,main,20260822,backward_sample,5,1,0,0,0.232390750,0.001881541,0.234513291,0.230117250,0.235014375,0.010536,0.231597000,0.001793000,0.234154800,642535424,38880,1555200,4096,163840,8096000,0.260855,4.9562,5.37,5.36,nan,
K/N32_J128_K40_A20_D12_full_s20260822,K,K_40,32,128,40,20,3,12,full,primitives,main,20260822,ffbs_complete,5,1,0,0,0.383790125,0.005946666,0.391519533,0.378285459,0.393089250,0.019286,0.383388000,0.005812000,0.390663200,642535424,38880,1555200,4096,163840,8096000,0.260855,4.9562,5.37,5.36,nan,
K/N32_J128_K40_A20_D12_full_s20260822,K,K_40,32,128,40,20,3,12,full,primitives,main,20260822,forward_batched,5,1,0,0,0.150773250,0.003869459,0.152794325,0.147204000,0.152966625,0.019110,0.150621000,0.003790000,0.152580600,642535424,38880,1555200,4096,163840,8096000,0.260855,4.9562,5.37,5.36,nan,
K/N32_J128_K5_A20_D12_full_s20260822,K,K_5,32,128,5,20,3,12,full,build,main,20260822,emission_build,15,0,0,0,0.763859666,0.025245979,0.797137841,0.757810125,0.783481833,0.016804,0.762115000,0.022964000,0.787972400,264278016,38880,194400,4096,20480,295200,0.224211,4.2600,2.33,2.39,nan,
K/N32_J128_K5_A20_D12_full_s20260822,K,K_5,32,128,5,20,3,12,full,build,main,20260822,emission_cache_hit,15,0,0,0,0.000153084,0.000007729,0.000158366,0.000151000,0.000157417,0.020959,0.000153000,0.000008500,0.000158000,264278016,38880,194400,4096,20480,295200,0.224211,4.2600,2.33,2.39,nan,
K/N32_J128_K5_A20_D12_full_s20260822,K,K_5,32,128,5,20,3,12,full,cond,main,20260822,cond_plain,15,0,0,0,0.046935709,0.001479791,0.048570050,0.046083291,0.047816833,0.018467,0.046877000,0.001363000,0.048390600,387940352,38880,194400,4096,20480,295200,0.224211,4.2600,2.85,2.50,nan,
K/N32_J128_K5_A20_D12_full_s20260822,K,K_5,32,128,5,20,3,12,full,cond,main,20260822,cond_structural,15,0,0,0,0.706977459,0.018128708,0.741119650,0.702125584,0.723430292,0.015067,0.705369000,0.015658000,0.728689600,387940352,38880,194400,4096,20480,295200,0.224211,4.2600,2.85,2.50,nan,
K/N32_J128_K5_A20_D12_full_s20260822,K,K_5,32,128,5,20,3,12,full,marg,main,20260822,marg_plain,15,0,0,0,0.047217375,0.000330542,0.047767858,0.047179084,0.047554667,0.003977,0.047168000,0.000348000,0.047613400,383283200,38880,194400,4096,20480,295200,0.224211,4.2600,2.54,2.36,nan,
K/N32_J128_K5_A20_D12_full_s20260822,K,K_5,32,128,5,20,3,12,full,marg,main,20260822,marg_structural,15,0,0,0,0.815990583,0.010723979,0.837912850,0.813749459,0.819817584,0.003718,0.814264000,0.010148000,0.831420400,383283200,38880,194400,4096,20480,295200,0.224211,4.2600,2.54,2.36,nan,
K/N32_J128_K5_A20_D12_full_s20260822,K,K_5,32,128,5,20,3,12,full,primitives,main,20260822,backward_sample,15,0,0,0,0.021426917,0.000510104,0.021903458,0.021130375,0.021674917,0.012707,0.021422000,0.000500500,0.021877600,244879360,38880,194400,4096,20480,295200,0.224211,4.2600,2.85,2.85,nan,
K/N32_J128_K5_A20_D12_full_s20260822,K,K_5,32,128,5,20,3,12,full,primitives,main,20260822,ffbs_complete,15,0,0,0,0.031606083,0.000843520,0.032268008,0.031126792,0.031876166,0.011855,0.031590000,0.000902000,0.032240200,244879360,38880,194400,4096,20480,295200,0.224211,4.2600,2.85,2.85,nan,
K/N32_J128_K5_A20_D12_full_s20260822,K,K_5,32,128,5,20,3,12,full,primitives,main,20260822,forward_batched,15,0,0,0,0.009664583,0.000169792,0.009879675,0.009605250,0.009781459,0.009116,0.009665000,0.000158000,0.009858600,244879360,38880,194400,4096,20480,295200,0.224211,4.2600,2.85,2.85,nan,
K/N32_J128_K80_A20_D12_full_s20260822,K,K_80,32,128,80,20,3,12,full,build,main,20260822,emission_build,5,1,0,0,10.547733792,0.029033959,10.606184259,10.512363208,10.634847375,0.005806,10.547163000,0.029129000,10.605578600,663113728,38880,3110400,4096,327680,29299200,0.260724,4.9537,1.41,1.75,nan,
K/N32_J128_K80_A20_D12_full_s20260822,K,K_80,32,128,80,20,3,12,full,build,main,20260822,emission_cache_hit,5,1,0,0,0.001482792,0.000067125,0.001546800,0.001471208,0.001551417,0.027047,0.001482000,0.000067000,0.001542000,663113728,38880,3110400,4096,327680,29299200,0.260724,4.9537,1.41,1.75,nan,
K/N32_J128_K80_A20_D12_full_s20260822,K,K_80,32,128,80,20,3,12,full,cond,main,20260822,cond_plain,5,1,0,0,0.525957000,0.003491749,0.527739733,0.523309917,0.527913417,0.004376,0.525917000,0.003459000,0.527672800,2408579072,38880,3110400,4096,327680,29299200,0.260724,4.9537,1.46,1.41,nan,
K/N32_J128_K80_A20_D12_full_s20260822,K,K_80,32,128,80,20,3,12,full,cond,main,20260822,cond_structural,5,1,0,0,11.101426250,0.043882667,11.151603892,11.077976875,11.165620042,0.003947,11.098731000,0.043986000,11.150864800,2408579072,38880,3110400,4096,327680,29299200,0.260724,4.9537,1.46,1.41,nan,
K/N32_J128_K80_A20_D12_full_s20260822,K,K_80,32,128,80,20,3,12,full,marg,main,20260822,marg_plain,5,1,0,0,0.514867084,0.000907667,0.517437100,0.510715042,0.518749334,0.007802,0.514852000,0.000908000,0.517397600,2414452736,38880,3110400,4096,327680,29299200,0.260724,4.9537,1.54,1.41,nan,
K/N32_J128_K80_A20_D12_full_s20260822,K,K_80,32,128,80,20,3,12,full,marg,main,20260822,marg_structural,5,1,0,0,12.054911250,0.037660875,12.117929083,12.023217042,12.137418416,0.004737,12.054180000,0.037592000,12.117158800,2414452736,38880,3110400,4096,327680,29299200,0.260724,4.9537,1.54,1.41,nan,
K/N32_J128_K80_A20_D12_full_s20260822,K,K_80,32,128,80,20,3,12,full,primitives,main,20260822,backward_sample,5,1,0,0,0.263689875,0.000998250,0.264324909,0.261638709,0.264586459,0.005589,0.263673000,0.001033000,0.264307800,996995072,38880,3110400,4096,327680,29299200,0.260724,4.9537,1.44,1.46,nan,
K/N32_J128_K80_A20_D12_full_s20260822,K,K_80,32,128,80,20,3,12,full,primitives,main,20260822,ffbs_complete,5,1,0,0,0.462605333,0.000134625,0.464198617,0.455182209,0.465258750,0.010891,0.462571000,0.000122000,0.464182800,996995072,38880,3110400,4096,327680,29299200,0.260724,4.9537,1.44,1.46,nan,
K/N32_J128_K80_A20_D12_full_s20260822,K,K_80,32,128,80,20,3,12,full,primitives,main,20260822,forward_batched,5,1,0,0,0.199719250,0.001522209,0.200145159,0.197216209,0.200242375,0.007576,0.199720000,0.001521000,0.200145800,996995072,38880,3110400,4096,327680,29299200,0.260724,4.9537,1.44,1.46,nan,
N/N128_J128_K10_A20_D12_full_s20260822,N,N_128,128,128,10,20,3,12,full,build,main,20260822,emission_build,15,0,0,0,5.254547208,0.019503958,5.276706300,5.237461000,5.259014291,0.002051,5.254039000,0.019530000,5.276317800,543047680,155520,1555200,16384,163840,3180800,0.247368,4.7000,1.64,1.46,nan,
N/N128_J128_K10_A20_D12_full_s20260822,N,N_128,128,128,10,20,3,12,full,build,main,20260822,emission_cache_hit,15,0,0,0,0.000256875,0.000012479,0.000273325,0.000256125,0.000268750,0.024574,0.000257000,0.000013000,0.000272000,543047680,155520,1555200,16384,163840,3180800,0.247368,4.7000,1.64,1.46,nan,
N/N128_J128_K10_A20_D12_full_s20260822,N,N_128,128,128,10,20,3,12,full,cond,main,20260822,cond_plain,15,0,0,0,0.265159708,0.002532959,0.267362333,0.263814833,0.266609417,0.005270,0.265154000,0.002534000,0.267341200,1569648640,155520,1555200,16384,163840,3180800,0.247368,4.7000,1.33,1.32,nan,
N/N128_J128_K10_A20_D12_full_s20260822,N,N_128,128,128,10,20,3,12,full,cond,main,20260822,cond_structural,15,0,0,0,5.523988666,0.029987167,5.554627866,5.508748026,5.537336625,0.002588,5.523534000,0.029992000,5.553999800,1569648640,155520,1555200,16384,163840,3180800,0.247368,4.7000,1.33,1.32,nan,
N/N128_J128_K10_A20_D12_full_s20260822,N,N_128,128,128,10,20,3,12,full,marg,main,20260822,marg_plain,15,0,0,0,0.261631792,0.002740854,0.264349592,0.260837994,0.263803500,0.005667,0.261617000,0.002752000,0.264306400,1571893248,155520,1555200,16384,163840,3180800,0.247368,4.7000,1.75,1.64,nan,
N/N128_J128_K10_A20_D12_full_s20260822,N,N_128,128,128,10,20,3,12,full,marg,main,20260822,marg_structural,15,0,0,0,6.066541167,0.026249980,6.081109884,6.052332042,6.078237375,0.002135,6.066023000,0.025931000,6.080596800,1571893248,155520,1555200,16384,163840,3180800,0.247368,4.7000,1.75,1.64,nan,
N/N128_J128_K10_A20_D12_full_s20260822,N,N_128,128,128,10,20,3,12,full,primitives,main,20260822,backward_sample,15,0,0,0,0.147759125,0.001124312,0.148724842,0.147158000,0.148083838,0.003133,0.147760000,0.001119000,0.148721200,692613120,155520,1555200,16384,163840,3180800,0.247368,4.7000,1.46,1.33,nan,
N/N128_J128_K10_A20_D12_full_s20260822,N,N_128,128,128,10,20,3,12,full,primitives,main,20260822,ffbs_complete,15,0,0,0,0.221417959,0.000911105,0.222239742,0.220899000,0.221920958,0.002308,0.221397000,0.000910500,0.222213600,692613120,155520,1555200,16384,163840,3180800,0.247368,4.7000,1.46,1.33,nan,
N/N128_J128_K10_A20_D12_full_s20260822,N,N_128,128,128,10,20,3,12,full,primitives,main,20260822,forward_batched,15,0,0,0,0.071637750,0.001788313,0.073374016,0.070986916,0.072667500,0.011730,0.071637000,0.001798500,0.073361800,692613120,155520,1555200,16384,163840,3180800,0.247368,4.7000,1.46,1.33,nan,
N/N16_J128_K10_A20_D12_full_s20260822,N,N_16,16,128,10,20,3,12,full,build,main,20260822,emission_build,15,0,0,0,1.788765209,0.013247938,1.800418083,1.779789083,1.791543917,0.003286,1.756147000,0.005663000,1.765866400,230117376,19440,194400,2048,20480,397600,0.247368,4.7000,11.38,10.56,nan,
N/N16_J128_K10_A20_D12_full_s20260822,N,N_16,16,128,10,20,3,12,full,build,main,20260822,emission_cache_hit,15,0,0,0,0.000635875,0.000032708,0.000660025,0.000621792,0.000656166,0.027029,0.000636000,0.000030000,0.000659200,230117376,19440,194400,2048,20480,397600,0.247368,4.7000,11.38,10.56,nan,
N/N16_J128_K10_A20_D12_full_s20260822,N,N_16,16,128,10,20,3,12,full,cond,main,20260822,cond_plain,15,0,0,0,0.118766000,0.004697333,0.125312450,0.116889541,0.121679583,0.020166,0.116559000,0.003634500,0.122508000,367587328,19440,194400,2048,20480,397600,0.247368,4.7000,10.44,9.94,nan,
N/N16_J128_K10_A20_D12_full_s20260822,N,N_16,16,128,10,20,3,12,full,cond,main,20260822,cond_structural,15,0,0,0,1.905421083,0.039535916,1.939282509,1.891658375,1.932321750,0.010670,1.872054000,0.021828000,1.892758600,367587328,19440,194400,2048,20480,397600,0.247368,4.7000,10.44,9.94,nan,
N/N16_J128_K10_A20_D12_full_s20260822,N,N_16,16,128,10,20,3,12,full,marg,main,20260822,marg_plain,15,0,0,0,0.116351166,0.005812479,0.123418008,0.114774209,0.120989292,0.026708,0.115168000,0.004968000,0.120693600,363544576,19440,194400,2048,20480,397600,0.247368,4.7000,9.87,10.10,nan,
N/N16_J128_K10_A20_D12_full_s20260822,N,N_16,16,128,10,20,3,12,full,marg,main,20260822,marg_structural,15,0,0,0,2.001534875,0.029563437,2.017556934,1.983803750,2.015882958,0.008014,1.964873000,0.017895500,1.983967000,363544576,19440,194400,2048,20480,397600,0.247368,4.7000,9.87,10.10,nan,
N/N16_J128_K10_A20_D12_full_s20260822,N,N_16,16,128,10,20,3,12,full,primitives,main,20260822,backward_sample,15,0,0,0,0.045015208,0.001654896,0.046391017,0.044469125,0.046179500,0.018998,0.043910000,0.001136500,0.045196000,240373760,19440,194400,2048,20480,397600,0.247368,4.7000,10.44,10.48,nan,
N/N16_J128_K10_A20_D12_full_s20260822,N,N_16,16,128,10,20,3,12,full,primitives,main,20260822,ffbs_complete,15,0,0,0,0.077956750,0.005549646,0.082186559,0.076035750,0.080846375,0.030854,0.075413000,0.003653500,0.077790400,240373760,19440,194400,2048,20480,397600,0.247368,4.7000,10.44,10.48,nan,
N/N16_J128_K10_A20_D12_full_s20260822,N,N_16,16,128,10,20,3,12,full,primitives,main,20260822,forward_batched,21,0,0,0,0.029094792,0.003629292,0.032576417,0.028616000,0.031407875,0.047979,0.028780000,0.003890000,0.031779000,240373760,19440,194400,2048,20480,397600,0.247368,4.7000,10.44,10.48,nan,
N/N1_J128_K10_A20_D12_full_s20260822,N,N_1,1,128,10,20,3,12,full,build,main,20260822,emission_build,15,0,0,0,0.091217875,0.000852500,0.092139775,0.091026542,0.091905926,0.004820,0.091218000,0.000908500,0.092036000,115326976,1215,12150,128,1280,24850,0.247368,4.7000,1.89,1.89,nan,
N/N1_J128_K10_A20_D12_full_s20260822,N,N_1,1,128,10,20,3,12,full,build,main,20260822,emission_cache_hit,15,0,0,0,0.000203458,0.000009166,0.000213575,0.000196875,0.000205083,0.020171,0.000203000,0.000008500,0.000213400,115326976,1215,12150,128,1280,24850,0.247368,4.7000,1.89,1.89,nan,
N/N1_J128_K10_A20_D12_full_s20260822,N,N_1,1,128,10,20,3,12,full,cond,main,20260822,cond_plain,15,0,0,0,0.009004041,0.000040459,0.009087042,0.008990042,0.009034583,0.002473,0.009004000,0.000054000,0.009077600,125997056,1215,12150,128,1280,24850,0.247368,4.7000,1.79,1.79,nan,
N/N1_J128_K10_A20_D12_full_s20260822,N,N_1,1,128,10,20,3,12,full,cond,main,20260822,cond_structural,15,0,0,0,0.103334583,0.000503292,0.103836900,0.102964250,0.103539625,0.002784,0.103274000,0.000533500,0.103736000,125997056,1215,12150,128,1280,24850,0.247368,4.7000,1.79,1.79,nan,
N/N1_J128_K10_A20_D12_full_s20260822,N,N_1,1,128,10,20,3,12,full,marg,main,20260822,marg_plain,15,0,0,0,0.008934250,0.000058458,0.009090892,0.008902250,0.008958792,0.003164,0.008934000,0.000059000,0.009081600,128225280,1215,12150,128,1280,24850,0.247368,4.7000,1.79,1.89,nan,
N/N1_J128_K10_A20_D12_full_s20260822,N,N_1,1,128,10,20,3,12,full,marg,main,20260822,marg_structural,15,0,0,0,0.108850125,0.000736208,0.109129858,0.108260625,0.108939209,0.003117,0.108736000,0.000777000,0.109017400,128225280,1215,12150,128,1280,24850,0.247368,4.7000,1.79,1.89,nan,
N/N1_J128_K10_A20_D12_full_s20260822,N,N_1,1,128,10,20,3,12,full,primitives,main,20260822,backward_sample,15,0,0,0,0.001102667,0.000020083,0.001118183,0.001089625,0.001113958,0.011034,0.001103000,0.000021000,0.001117800,118210560,1215,12150,128,1280,24850,0.247368,4.7000,1.90,1.90,nan,
N/N1_J128_K10_A20_D12_full_s20260822,N,N_1,1,128,10,20,3,12,full,primitives,main,20260822,ffbs_complete,15,0,0,0,0.004914375,0.000087187,0.005135734,0.004862250,0.004965250,0.010479,0.004914000,0.000079000,0.005107600,118210560,1215,12150,128,1280,24850,0.247368,4.7000,1.90,1.90,nan,
N/N1_J128_K10_A20_D12_full_s20260822,N,N_1,1,128,10,20,3,12,full,primitives,main,20260822,forward_batched,15,0,0,0,0.003777208,0.000056084,0.003807417,0.003744500,0.003802000,0.007611,0.003778000,0.000056500,0.003806600,118210560,1215,12150,128,1280,24850,0.247368,4.7000,1.90,1.90,nan,
N/N256_J128_K10_A20_D12_full_s20260822,N,N_256,256,128,10,20,3,12,full,build,main,20260822,emission_build,5,1,0,0,12.380028459,0.066231500,12.413089417,12.275537792,12.428648667,0.006184,12.378522000,0.065950000,12.411615600,988561408,311040,3110400,32768,327680,6361600,0.247368,4.7000,1.43,1.56,nan,
N/N256_J128_K10_A20_D12_full_s20260822,N,N_256,256,128,10,20,3,12,full,build,main,20260822,emission_cache_hit,7,1,0,0,0.000271250,0.000015937,0.000321142,0.000257959,0.000277209,0.035484,0.000271000,0.000015500,0.000320000,988561408,311040,3110400,32768,327680,6361600,0.247368,4.7000,1.43,1.56,nan,
N/N256_J128_K10_A20_D12_full_s20260822,N,N_256,256,128,10,20,3,12,full,cond,main,20260822,cond_plain,5,1,0,0,0.514648625,0.001075708,0.515777150,0.510046917,0.516131000,0.005911,0.514645000,0.000901000,0.515671800,3061800960,311040,3110400,32768,327680,6361600,0.247368,4.7000,1.48,1.37,nan,
N/N256_J128_K10_A20_D12_full_s20260822,N,N_256,256,128,10,20,3,12,full,cond,main,20260822,cond_structural,5,1,0,0,11.661565541,0.033746918,11.749980334,11.634297917,11.801797167,0.007182,11.660495000,0.033223000,11.748248000,3061800960,311040,3110400,32768,327680,6361600,0.247368,4.7000,1.48,1.37,nan,
N/N256_J128_K10_A20_D12_full_s20260822,N,N_256,256,128,10,20,3,12,full,marg,main,20260822,marg_plain,5,1,0,0,0.501511875,0.002316374,0.502977833,0.500221333,0.503040083,0.002810,0.501472000,0.002331000,0.502920400,2955456512,311040,3110400,32768,327680,6361600,0.247368,4.7000,1.37,1.31,nan,
N/N256_J128_K10_A20_D12_full_s20260822,N,N_256,256,128,10,20,3,12,full,marg,main,20260822,marg_structural,5,1,0,0,12.793175333,0.043784625,12.830323583,12.779692750,12.830963500,0.002004,12.791920000,0.044089000,12.829058800,2955456512,311040,3110400,32768,327680,6361600,0.247368,4.7000,1.37,1.31,nan,
N/N256_J128_K10_A20_D12_full_s20260822,N,N_256,256,128,10,20,3,12,full,primitives,main,20260822,backward_sample,5,1,0,0,0.292835083,0.001736291,0.293488433,0.290344417,0.293741833,0.005801,0.292818000,0.001732000,0.293452400,1274040320,311040,3110400,32768,327680,6361600,0.247368,4.7000,1.68,1.48,nan,
N/N256_J128_K10_A20_D12_full_s20260822,N,N_256,256,128,10,20,3,12,full,primitives,main,20260822,ffbs_complete,5,1,0,0,0.437924833,0.002913582,0.439988966,0.434863917,0.439989000,0.005852,0.437906000,0.002940000,0.439964800,1274040320,311040,3110400,32768,327680,6361600,0.247368,4.7000,1.68,1.48,nan,
N/N256_J128_K10_A20_D12_full_s20260822,N,N_256,256,128,10,20,3,12,full,primitives,main,20260822,forward_batched,5,1,0,0,0.140880250,0.000105501,0.142018767,0.140684542,0.142752833,0.007341,0.140882000,0.000110000,0.142009800,1274040320,311040,3110400,32768,327680,6361600,0.247368,4.7000,1.68,1.48,nan,
N/N32_J128_K10_A20_D12_full_s20260822,N,N_32,32,128,10,20,3,12,full,build,main,20260822,emission_build,15,0,0,0,3.430133709,0.102873166,3.647151800,3.416346708,3.587447208,0.024941,3.366293000,0.075353000,3.509248800,344641536,38880,388800,4096,40960,795200,0.247368,4.7000,9.44,10.15,nan,
N/N32_J128_K10_A20_D12_full_s20260822,N,N_32,32,128,10,20,3,12,full,build,main,20260822,emission_cache_hit,15,0,0,0,0.000616000,0.000026041,0.000656583,0.000607000,0.000630958,0.019446,0.000614000,0.000025500,0.000655600,344641536,38880,388800,4096,40960,795200,0.247368,4.7000,9.44,10.15,nan,
N/N32_J128_K10_A20_D12_full_s20260822,N,N_32,32,128,10,20,3,12,full,cond,main,20260822,cond_plain,15,0,0,0,0.194632084,0.006899626,0.201750792,0.190540958,0.199429417,0.022834,0.190182000,0.005867000,0.196771600,596692992,38880,388800,4096,40960,795200,0.247368,4.7000,9.60,9.33,nan,
N/N32_J128_K10_A20_D12_full_s20260822,N,N_32,32,128,10,20,3,12,full,cond,main,20260822,cond_structural,15,0,0,0,3.519281833,0.028417751,3.547428833,3.511257500,3.537411042,0.003716,3.466522000,0.022161500,3.493610000,596692992,38880,388800,4096,40960,795200,0.247368,4.7000,9.60,9.33,nan,
N/N32_J128_K10_A20_D12_full_s20260822,N,N_32,32,128,10,20,3,12,full,marg,main,20260822,marg_plain,15,0,0,0,0.190006292,0.009298084,0.197756191,0.186095708,0.197143959,0.029073,0.187285000,0.010268500,0.194502400,596488192,38880,388800,4096,40960,795200,0.247368,4.7000,9.33,9.44,nan,
N/N32_J128_K10_A20_D12_full_s20260822,N,N_32,32,128,10,20,3,12,full,marg,main,20260822,marg_structural,15,0,0,0,3.713559375,0.018262125,3.731554400,3.701083125,3.724828708,0.003197,3.651517000,0.020835500,3.664185600,596488192,38880,388800,4096,40960,795200,0.247368,4.7000,9.33,9.44,nan,
N/N32_J128_K10_A20_D12_full_s20260822,N,N_32,32,128,10,20,3,12,full,primitives,main,20260822,backward_sample,15,0,0,0,0.089238875,0.004295709,0.092721658,0.088653833,0.091829167,0.017791,0.088332000,0.004008500,0.089837000,357257216,38880,388800,4096,40960,795200,0.247368,4.7000,9.57,9.60,nan,
N/N32_J128_K10_A20_D12_full_s20260822,N,N_32,32,128,10,20,3,12,full,primitives,main,20260822,ffbs_complete,15,0,0,0,0.139310875,0.010823584,0.147277092,0.133094042,0.143780083,0.038353,0.135641000,0.007791500,0.142465200,357257216,38880,388800,4096,40960,795200,0.247368,4.7000,9.57,9.60,nan,
N/N32_J128_K10_A20_D12_full_s20260822,N,N_32,32,128,10,20,3,12,full,primitives,main,20260822,forward_batched,15,0,0,0,0.048459667,0.004670750,0.053461484,0.045683625,0.050157667,0.046163,0.047613000,0.003189000,0.050538200,357257216,38880,388800,4096,40960,795200,0.247368,4.7000,9.57,9.60,nan,
N/N64_J128_K10_A20_D12_full_s20260822,N,N_64,64,128,10,20,3,12,full,build,main,20260822,emission_build,15,0,0,0,2.617908875,0.011382958,2.623164275,2.610219000,2.622261708,0.002300,2.617652000,0.011390500,2.622964200,385650688,77760,777600,8192,81920,1590400,0.247368,4.7000,5.31,2.97,nan,
N/N64_J128_K10_A20_D12_full_s20260822,N,N_64,64,128,10,20,3,12,full,build,main,20260822,emission_cache_hit,15,0,0,0,0.000264333,0.000007958,0.000271034,0.000258667,0.000266667,0.015132,0.000264000,0.000008500,0.000270200,385650688,77760,777600,8192,81920,1590400,0.247368,4.7000,5.31,2.97,nan,
N/N64_J128_K10_A20_D12_full_s20260822,N,N_64,64,128,10,20,3,12,full,cond,main,20260822,cond_plain,15,0,0,0,0.254537750,0.003929375,0.259088317,0.252237541,0.256996709,0.009349,0.254200000,0.003517500,0.258656000,1014845440,77760,777600,8192,81920,1590400,0.247368,4.7000,5.46,6.83,nan,
N/N64_J128_K10_A20_D12_full_s20260822,N,N_64,64,128,10,20,3,12,full,cond,main,20260822,cond_structural,15,0,0,0,5.038725583,0.041886791,5.089310409,5.005323375,5.053864833,0.004817,5.025161000,0.041302500,5.077071400,1014845440,77760,777600,8192,81920,1590400,0.247368,4.7000,5.46,6.83,nan,
N/N64_J128_K10_A20_D12_full_s20260822,N,N_64,64,128,10,20,3,12,full,marg,main,20260822,marg_plain,42,0,0,0,0.192458063,0.031597677,0.252424025,0.191641562,0.205976917,0.037243,0.192313000,0.031245250,0.252060500,1078431744,77760,777600,8192,81920,1590400,0.247368,4.7000,6.68,5.31,nan,
N/N64_J128_K10_A20_D12_full_s20260822,N,N_64,64,128,10,20,3,12,full,marg,main,20260822,marg_structural,15,0,0,0,5.276682750,0.552709250,5.331029592,4.776903375,5.291959625,0.048805,5.267883000,0.548253000,5.317845200,1078431744,77760,777600,8192,81920,1590400,0.247368,4.7000,6.68,5.31,nan,
N/N64_J128_K10_A20_D12_full_s20260822,N,N_64,64,128,10,20,3,12,full,primitives,main,20260822,backward_sample,15,0,0,0,0.074775417,0.000916750,0.075429717,0.074356834,0.075107544,0.005020,0.074775000,0.000924000,0.075429600,408559616,77760,777600,8192,81920,1590400,0.247368,4.7000,2.97,2.74,nan,
N/N64_J128_K10_A20_D12_full_s20260822,N,N_64,64,128,10,20,3,12,full,primitives,main,20260822,ffbs_complete,15,0,0,0,0.114941125,0.000913459,0.116295517,0.114575757,0.115365916,0.003437,0.114942000,0.000906500,0.116283000,408559616,77760,777600,8192,81920,1590400,0.247368,4.7000,2.97,2.74,nan,
N/N64_J128_K10_A20_D12_full_s20260822,N,N_64,64,128,10,20,3,12,full,primitives,main,20260822,forward_batched,15,0,0,0,0.040222125,0.000473938,0.040656617,0.039880708,0.040336042,0.005660,0.040213000,0.000462000,0.040640400,408559616,77760,777600,8192,81920,1590400,0.247368,4.7000,2.97,2.74,nan,
N/N8_J128_K10_A20_D12_full_s20260822,N,N_8,8,128,10,20,3,12,full,build,main,20260822,emission_build,15,0,0,0,0.385700458,0.004551125,0.400453175,0.384355666,0.388543916,0.005429,0.384224000,0.004137500,0.396532000,161390592,9720,97200,1024,10240,198800,0.247368,4.7000,2.57,2.53,nan,
N/N8_J128_K10_A20_D12_full_s20260822,N,N_8,8,128,10,20,3,12,full,build,main,20260822,emission_cache_hit,15,0,0,0,0.000232750,0.000009624,0.000246267,0.000228542,0.000238333,0.021033,0.000233000,0.000010000,0.000246800,161390592,9720,97200,1024,10240,198800,0.247368,4.7000,2.57,2.53,nan,
N/N8_J128_K10_A20_D12_full_s20260822,N,N_8,8,128,10,20,3,12,full,cond,main,20260822,cond_plain,50,0,0,0,0.056700313,0.022869397,0.065803763,0.052749562,0.059834542,0.062477,0.051828500,0.020210250,0.060597200,245399552,9720,97200,1024,10240,198800,0.247368,4.7000,2.56,3.70,nan,
N/N8_J128_K10_A20_D12_full_s20260822,N,N_8,8,128,10,20,3,12,full,cond,main,20260822,cond_structural,15,0,0,0,0.421427834,0.055892834,0.713138775,0.413278125,0.454006333,0.048322,0.419752000,0.049592500,0.662220800,245399552,9720,97200,1024,10240,198800,0.247368,4.7000,2.56,3.70,nan,
N/N8_J128_K10_A20_D12_full_s20260822,N,N_8,8,128,10,20,3,12,full,marg,main,20260822,marg_plain,15,0,0,0,0.030285792,0.002486938,0.032651942,0.028969125,0.030737750,0.029199,0.029915000,0.002428000,0.032450800,240562176,9720,97200,1024,10240,198800,0.247368,4.7000,2.39,2.57,nan,
N/N8_J128_K10_A20_D12_full_s20260822,N,N_8,8,128,10,20,3,12,full,marg,main,20260822,marg_structural,15,0,0,0,0.447253000,0.045863750,0.490930733,0.437548917,0.479404834,0.046792,0.445193000,0.044867500,0.487992000,240562176,9720,97200,1024,10240,198800,0.247368,4.7000,2.39,2.57,nan,
N/N8_J128_K10_A20_D12_full_s20260822,N,N_8,8,128,10,20,3,12,full,primitives,main,20260822,backward_sample,15,0,0,0,0.009789500,0.000513187,0.010262442,0.009630209,0.010129000,0.025476,0.009783000,0.000506000,0.010155400,159141888,9720,97200,1024,10240,198800,0.247368,4.7000,2.56,2.56,nan,
N/N8_J128_K10_A20_D12_full_s20260822,N,N_8,8,128,10,20,3,12,full,primitives,main,20260822,ffbs_complete,15,0,0,0,0.016434500,0.000547645,0.016885883,0.016109042,0.016767667,0.020038,0.016358000,0.000506500,0.016838800,159141888,9720,97200,1024,10240,198800,0.247368,4.7000,2.56,2.56,nan,
N/N8_J128_K10_A20_D12_full_s20260822,N,N_8,8,128,10,20,3,12,full,primitives,main,20260822,forward_batched,15,0,0,0,0.006421416,0.000240332,0.006751416,0.006280417,0.006541666,0.020342,0.006403000,0.000217500,0.006735000,159141888,9720,97200,1024,10240,198800,0.247368,4.7000,2.56,2.56,nan,
baseline/N100_J48_K3_A5_D12_full_s20260822,baseline,baseline_matched_scale,100,48,3,5,3,12,full,build,main,20260822,emission_build,15,0,0,0,0.105038750,0.000981875,0.107008100,0.104587417,0.105940541,0.006441,0.104877000,0.000873500,0.106498400,167333888,29500,88500,3600,10800,117900,0.183333,0.7333,1.64,1.64,nan,
baseline/N100_J48_K3_A5_D12_full_s20260822,baseline,baseline_matched_scale,100,48,3,5,3,12,full,build,main,20260822,emission_cache_hit,50,0,0,0,0.000031854,0.000030094,0.000073137,0.000030041,0.000034979,0.077501,0.000032000,0.000030000,0.000073400,167333888,29500,88500,3600,10800,117900,0.183333,0.7333,1.64,1.64,nan,
baseline/N100_J48_K3_A5_D12_full_s20260822,baseline,baseline_matched_scale,100,48,3,5,3,12,full,cond,main,20260822,cond_plain,15,0,0,0,0.027072041,0.000382812,0.027285158,0.026650584,0.027207791,0.010291,0.026990000,0.000367500,0.027191000,195317760,29500,88500,3600,10800,117900,0.183333,0.7333,1.75,1.75,nan,
baseline/N100_J48_K3_A5_D12_full_s20260822,baseline,baseline_matched_scale,100,48,3,5,3,12,full,cond,main,20260822,cond_structural,15,0,0,0,0.123622583,0.000511187,0.124862883,0.123488041,0.123901583,0.001673,0.123342000,0.000422500,0.124620000,195317760,29500,88500,3600,10800,117900,0.183333,0.7333,1.75,1.75,nan,
baseline/N100_J48_K3_A5_D12_full_s20260822,baseline,baseline_matched_scale,100,48,3,5,3,12,full,marg,main,20260822,marg_plain,15,0,0,0,0.026802542,0.000563813,0.027383775,0.026589500,0.027115667,0.009816,0.026739000,0.000542000,0.027340400,199487488,29500,88500,3600,10800,117900,0.183333,0.7333,1.69,1.69,nan,
baseline/N100_J48_K3_A5_D12_full_s20260822,baseline,baseline_matched_scale,100,48,3,5,3,12,full,marg,main,20260822,marg_structural,15,0,0,0,0.146770375,0.001234813,0.147854542,0.146197875,0.147385958,0.004047,0.146636000,0.001136000,0.147625800,199487488,29500,88500,3600,10800,117900,0.183333,0.7333,1.69,1.69,nan,
baseline/N100_J48_K3_A5_D12_full_s20260822,baseline,baseline_matched_scale,100,48,3,5,3,12,full,primitives,main,20260822,backward_sample,15,0,0,0,0.011090125,0.000158520,0.011281400,0.011055375,0.011181708,0.005696,0.011065000,0.000162500,0.011270600,143425536,29500,88500,3600,10800,117900,0.183333,0.7333,1.64,1.64,nan,
baseline/N100_J48_K3_A5_D12_full_s20260822,baseline,baseline_matched_scale,100,48,3,5,3,12,full,primitives,main,20260822,ffbs_complete,15,0,0,0,0.019092500,0.000502813,0.020046700,0.019003958,0.019783000,0.020402,0.019079000,0.000456500,0.019915200,143425536,29500,88500,3600,10800,117900,0.183333,0.7333,1.64,1.64,nan,
baseline/N100_J48_K3_A5_D12_full_s20260822,baseline,baseline_matched_scale,100,48,3,5,3,12,full,primitives,main,20260822,forward_batched,15,0,0,0,0.007698750,0.000203145,0.008081408,0.007632625,0.007777291,0.009395,0.007686000,0.000193500,0.008060800,143425536,29500,88500,3600,10800,117900,0.183333,0.7333,1.64,1.64,nan,
optional_target_seed2/N100_J200_K20_A50_D12_sparse_s20260823,optional_target_seed2,optional_target_seed2,100,200,20,50,3,12,sparse,build,main,20260823,emission_build,4,1,1,0,34.397246521,0.063125364,34.437772029,34.305461334,34.447230667,0.002061,34.383421500,0.062246750,34.423359300,1629401088,193500,3870000,20000,400000,11850000,0.009082,0.4450,1.62,2.11,nan,
optional_target_seed2/N100_J200_K20_A50_D12_sparse_s20260823,optional_target_seed2,optional_target_seed2,100,200,20,50,3,12,sparse,build,main,20260823,emission_cache_hit,4,1,1,0,0.001340458,0.000053303,0.001395808,0.001319375,0.001410833,0.034114,0.001340000,0.000053000,0.001395000,1629401088,193500,3870000,20000,400000,11850000,0.009082,0.4450,1.62,2.11,nan,
target_long/N20_J500_K20_A50_D12_sparse_s20260822,target_long,target_long_J500_N20,20,500,20,50,3,12,sparse,build,main,20260822,emission_build,5,1,0,0,42.245485042,0.161835958,42.455795766,42.152681042,42.525871750,0.004417,41.631103000,0.147986000,41.694118200,1472860160,98700,1974000,10000,200000,5970000,0.009429,0.4620,9.92,10.18,nan,
target_long/N20_J500_K20_A50_D12_sparse_s20260822,target_long,target_long_J500_N20,20,500,20,50,3,12,sparse,build,main,20260822,emission_cache_hit,5,1,0,0,0.002814375,0.000155834,0.002958934,0.002742125,0.002971667,0.040780,0.002806000,0.000165000,0.002953600,1472860160,98700,1974000,10000,200000,5970000,0.009429,0.4620,9.92,10.18,nan,
target_long/N20_J500_K20_A50_D12_sparse_s20260822,target_long,target_long_J500_N20,20,500,20,50,3,12,sparse,primitives,main,20260822,backward_sample,5,1,0,0,0.364034625,0.008879126,0.377288767,0.361574042,0.380680500,0.026243,0.359582000,0.005125000,0.369673400,2230730752,98700,1974000,10000,200000,5970000,0.009429,0.4620,9.74,9.92,nan,
target_long/N20_J500_K20_A50_D12_sparse_s20260822,target_long,target_long_J500_N20,20,500,20,50,3,12,sparse,primitives,main,20260822,ffbs_complete,6,1,0,0,0.833372812,0.020639677,0.882782604,0.824722229,0.882782604,0.034835,0.822918000,0.016208250,0.850041000,2230730752,98700,1974000,10000,200000,5970000,0.009429,0.4620,9.74,9.92,nan,
target_long/N20_J500_K20_A50_D12_sparse_s20260822,target_long,target_long_J500_N20,20,500,20,50,3,12,sparse,primitives,main,20260822,forward_batched,5,1,0,0,0.482651708,0.024026041,0.487724858,0.460369250,0.488396958,0.029035,0.459378000,0.013457000,0.474235600,2230730752,98700,1974000,10000,200000,5970000,0.009429,0.4620,9.74,9.92,nan,
target/N100_J200_K20_A50_D12_sparse_s20260822,target,target_operating_point,100,200,20,50,3,12,sparse,build,main,20260822,emission_build,5,1,0,0,33.558174458,0.027903709,33.617194458,33.541887375,33.638797708,0.001444,33.506853000,0.013006000,33.551385600,1785122816,193500,3870000,20000,400000,11850000,0.009429,0.4620,1.92,1.67,nan,
target/N100_J200_K20_A50_D12_sparse_s20260822,target,target_operating_point,100,200,20,50,3,12,sparse,build,main,20260822,emission_cache_hit,15,0,0,0,0.001256416,0.000091000,0.001342200,0.001246125,0.001337167,0.036231,0.001256000,0.000089500,0.001341000,1785122816,193500,3870000,20000,400000,11850000,0.009429,0.4620,1.92,1.67,nan,
target/N100_J200_K20_A50_D12_sparse_s20260822,target,target_operating_point,100,200,20,50,3,12,sparse,cond,main,20260822,cond_plain,200,0,0,0,0.648300188,0.004783875,0.655705937,0.647486911,0.648919312,0.001105,0.648273000,0.004651500,0.655602900,3501580288,193500,3870000,20000,400000,11850000,0.009429,0.4620,1.52,1.93,nan,
target/N100_J200_K20_A50_D12_sparse_s20260822,target,target_operating_point,100,200,20,50,3,12,sparse,cond,main,20260822,cond_structural,5,1,0,0,34.685192584,0.100726917,34.839189733,34.575475917,34.892500000,0.004570,34.658057000,0.058712000,34.712586400,3501580288,193500,3870000,20000,400000,11850000,0.009429,0.4620,1.52,1.93,nan,
target/N100_J200_K20_A50_D12_sparse_s20260822,target,target_operating_point,100,200,20,50,3,12,sparse,marg,main,20260822,marg_plain,200,0,0,0,0.659348708,0.019691657,0.688523396,0.658128562,0.661634232,0.002658,0.658136000,0.015293750,0.679702600,3925188608,193500,3870000,20000,400000,11850000,0.009429,0.4620,1.93,2.83,nan,
target/N100_J200_K20_A50_D12_sparse_s20260822,target,target_operating_point,100,200,20,50,3,12,sparse,marg,main,20260822,marg_structural,5,1,0,0,34.609587792,0.272266292,35.154710667,34.380009542,35.424829917,0.015094,34.561577000,0.232003000,34.985552400,3925188608,193500,3870000,20000,400000,11850000,0.009429,0.4620,1.93,2.83,nan,
target/N100_J200_K20_A50_D12_sparse_s20260822,target,target_operating_point,100,200,20,50,3,12,sparse,primitives,main,20260822,backward_sample,15,0,0,0,0.304991334,0.001843645,0.307681900,0.304637334,0.306209541,0.002577,0.304796000,0.001892500,0.307432000,2304663552,193500,3870000,20000,400000,11850000,0.009429,0.4620,1.67,1.73,nan,
target/N100_J200_K20_A50_D12_sparse_s20260822,target,target_operating_point,100,200,20,50,3,12,sparse,primitives,main,20260822,ffbs_complete,15,0,0,0,0.530983041,0.007699645,0.558135975,0.529276500,0.539352083,0.009488,0.530579000,0.007759500,0.557443600,2304663552,193500,3870000,20000,400000,11850000,0.009429,0.4620,1.67,1.73,nan,
target/N100_J200_K20_A50_D12_sparse_s20260822,target,target_operating_point,100,200,20,50,3,12,sparse,primitives,main,20260822,forward_batched,15,0,0,0,0.222115083,0.002410834,0.240285309,0.221247916,0.223669458,0.005451,0.221843000,0.002365000,0.236118200,2304663552,193500,3870000,20000,400000,11850000,0.009429,0.4620,1.67,1.73,nan,
target/N100_J200_K20_A50_D12_full_s20260822,target,target_operating_point_full_support,100,200,20,50,3,12,full,primitives,main,20260822,backward_sample,5,1,0,0,0.746735042,0.001090958,0.751427592,0.725638042,0.754427208,0.019277,0.733147000,0.004645000,0.740543600,2317725696,193500,3870000,20000,400000,11850000,0.257306,12.6080,13.32,10.91,nan,
target/N100_J200_K20_A50_D12_full_s20260822,target,target_operating_point_full_support,100,200,20,50,3,12,full,primitives,main,20260822,ffbs_complete,5,1,0,0,1.180850709,0.005753833,1.183902158,1.163402208,1.184490125,0.008929,1.157557000,0.012932000,1.160852400,2317725696,193500,3870000,20000,400000,11850000,0.257306,12.6080,13.32,10.91,nan,
target/N100_J200_K20_A50_D12_full_s20260822,target,target_operating_point_full_support,100,200,20,50,3,12,full,primitives,main,20260822,forward_batched,7,1,0,0,0.441753500,0.026881708,0.476775691,0.429357125,0.467441541,0.043106,0.426293000,0.017060000,0.445938600,2317725696,193500,3870000,20000,400000,11850000,0.257306,12.6080,13.32,10.91,nan,
A_full/N16_J128_K10_A10_D12_full_s20260822,A_full,A_full_10,16,128,10,10,3,12,full,build,quiet,20260822,emission_build,15,0,0,0,0.360250750,0.005494604,0.362236208,0.355991750,0.361020833,0.006980,0.360248000,0.005531500,0.362191000,168058880,19440,194400,2048,20480,397600,0.237778,2.1400,1.36,1.42,0.017204,0.360606300
A_full/N16_J128_K10_A10_D12_full_s20260822,A_full,A_full_10,16,128,10,10,3,12,full,build,quiet,20260822,emission_cache_hit,15,0,0,0,0.000181459,0.000011042,0.000193975,0.000174583,0.000184542,0.027441,0.000181000,0.000011000,0.000192600,168058880,19440,194400,2048,20480,397600,0.237778,2.1400,1.36,1.42,0.017204,0.000181638
A_full/N16_J128_K10_A10_D12_full_s20260822,A_full,A_full_10,16,128,10,10,3,12,full,cond,quiet,20260822,cond_plain,15,0,0,0,0.044084750,0.000426771,0.044415859,0.043857209,0.044393000,0.006077,0.044056000,0.000419000,0.044403000,315691008,19440,194400,2048,20480,397600,0.237778,2.1400,1.94,1.80,0.017202,0.044133926
A_full/N16_J128_K10_A10_D12_full_s20260822,A_full,A_full_10,16,128,10,10,3,12,full,cond,quiet,20260822,cond_structural,15,0,0,0,0.399161250,0.004191958,0.402439775,0.396639583,0.401075875,0.005557,0.399140000,0.004160000,0.402420000,315691008,19440,194400,2048,20480,397600,0.237778,2.1400,1.94,1.80,0.017202,0.399606512
A_full/N16_J128_K10_A10_D12_full_s20260822,A_full,A_full_10,16,128,10,10,3,12,full,marg,quiet,20260822,marg_plain,15,0,0,0,0.044581250,0.000515125,0.045007133,0.044344166,0.044940250,0.006685,0.044574000,0.000506000,0.045001000,292945920,19440,194400,2048,20480,397600,0.237778,2.1400,1.37,1.36,0.017224,0.044572568
A_full/N16_J128_K10_A10_D12_full_s20260822,A_full,A_full_10,16,128,10,10,3,12,full,marg,quiet,20260822,marg_structural,15,0,0,0,0.423024042,0.005010958,0.426295592,0.419988875,0.424727125,0.005600,0.422991000,0.005011500,0.426250400,292945920,19440,194400,2048,20480,397600,0.237778,2.1400,1.37,1.36,0.017224,0.422941657
A_full/N16_J128_K10_A10_D12_full_s20260822,A_full,A_full_10,16,128,10,10,3,12,full,primitives,quiet,20260822,backward_sample,15,0,0,0,0.017433625,0.000142104,0.017645859,0.017414209,0.017555625,0.004056,0.017433000,0.000138500,0.017640600,179351552,19440,194400,2048,20480,397600,0.237778,2.1400,1.94,1.94,0.017198,0.017457215
A_full/N16_J128_K10_A10_D12_full_s20260822,A_full,A_full_10,16,128,10,10,3,12,full,primitives,quiet,20260822,ffbs_complete,15,0,0,0,0.030241500,0.000325708,0.030641575,0.030082959,0.030398250,0.005213,0.030242000,0.000311000,0.030632400,179351552,19440,194400,2048,20480,397600,0.237778,2.1400,1.94,1.94,0.017198,0.030282420
A_full/N16_J128_K10_A10_D12_full_s20260822,A_full,A_full_10,16,128,10,10,3,12,full,primitives,quiet,20260822,forward_batched,15,0,0,0,0.012826125,0.000195792,0.013081367,0.012761250,0.012912208,0.005885,0.012825000,0.000189000,0.013080800,179351552,19440,194400,2048,20480,397600,0.237778,2.1400,1.94,1.94,0.017198,0.012843480
A_full/N16_J128_K10_A20_D12_full_s20260822,A_full,A_full_20,16,128,10,20,3,12,full,build,quiet,20260822,emission_build,15,0,0,0,0.679825416,0.002763000,0.681725983,0.677893625,0.680393583,0.001839,0.679790000,0.002749000,0.681675200,182378496,19440,194400,2048,20480,397600,0.247368,4.7000,1.24,1.20,0.017211,0.680203121
A_full/N16_J128_K10_A20_D12_full_s20260822,A_full,A_full_20,16,128,10,20,3,12,full,build,quiet,20260822,emission_cache_hit,15,0,0,0,0.000257959,0.000007770,0.000264325,0.000255625,0.000263208,0.014698,0.000257000,0.000008500,0.000264200,182378496,19440,194400,2048,20480,397600,0.247368,4.7000,1.24,1.20,0.017211,0.000258102
A_full/N16_J128_K10_A20_D12_full_s20260822,A_full,A_full_20,16,128,10,20,3,12,full,cond,quiet,20260822,cond_plain,15,0,0,0,0.047464958,0.000505750,0.048197800,0.047369584,0.047792084,0.004451,0.047463000,0.000481000,0.048178600,318578688,19440,194400,2048,20480,397600,0.247368,4.7000,1.35,1.25,0.017239,0.047414769
A_full/N16_J128_K10_A20_D12_full_s20260822,A_full,A_full_20,16,128,10,20,3,12,full,cond,quiet,20260822,cond_structural,15,0,0,0,0.739014708,0.004374374,0.741511567,0.736105459,0.740398667,0.002905,0.739001000,0.004289500,0.741483800,318578688,19440,194400,2048,20480,397600,0.247368,4.7000,1.35,1.25,0.017239,0.738233284
A_full/N16_J128_K10_A20_D12_full_s20260822,A_full,A_full_20,16,128,10,20,3,12,full,marg,quiet,20260822,marg_plain,15,0,0,0,0.048234666,0.000656812,0.048632708,0.047852375,0.048459833,0.006297,0.048232000,0.000654000,0.048619000,346017792,19440,194400,2048,20480,397600,0.247368,4.7000,1.25,1.91,0.017184,0.048338817
A_full/N16_J128_K10_A20_D12_full_s20260822,A_full,A_full_20,16,128,10,20,3,12,full,marg,quiet,20260822,marg_structural,15,0,0,0,0.775403916,0.003098250,0.782478967,0.774840646,0.778690042,0.002482,0.775303000,0.003114500,0.782440400,346017792,19440,194400,2048,20480,397600,0.247368,4.7000,1.25,1.91,0.017184,0.777078217
A_full/N16_J128_K10_A20_D12_full_s20260822,A_full,A_full_20,16,128,10,20,3,12,full,primitives,quiet,20260822,backward_sample,15,0,0,0,0.019395375,0.000192749,0.019669558,0.019372000,0.019556000,0.004743,0.019395000,0.000188500,0.019668600,195571712,19440,194400,2048,20480,397600,0.247368,4.7000,1.20,1.35,0.017228,0.019387659
A_full/N16_J128_K10_A20_D12_full_s20260822,A_full,A_full_20,16,128,10,20,3,12,full,primitives,quiet,20260822,ffbs_complete,15,0,0,0,0.032348667,0.000368479,0.032945408,0.032202667,0.032635917,0.006697,0.032323000,0.000365500,0.032945000,195571712,19440,194400,2048,20480,397600,0.247368,4.7000,1.20,1.35,0.017228,0.032335798
A_full/N16_J128_K10_A20_D12_full_s20260822,A_full,A_full_20,16,128,10,20,3,12,full,primitives,quiet,20260822,forward_batched,15,0,0,0,0.012989041,0.000177167,0.013148933,0.012877833,0.013064708,0.007194,0.012989000,0.000177500,0.013142000,195571712,19440,194400,2048,20480,397600,0.247368,4.7000,1.20,1.35,0.017228,0.012983874
A_full/N16_J128_K10_A30_D12_full_s20260822,A_full,A_full_30,16,128,10,30,3,12,full,build,quiet,20260822,emission_build,15,0,0,0,1.183498458,0.008001167,1.186965775,1.177118708,1.185545500,0.003560,1.183438000,0.007921500,1.186897200,186384384,19440,194400,2048,20480,397600,0.250575,7.2667,1.52,1.44,0.017223,1.183356800
A_full/N16_J128_K10_A30_D12_full_s20260822,A_full,A_full_30,16,128,10,30,3,12,full,build,quiet,20260822,emission_cache_hit,15,0,0,0,0.000386500,0.000012083,0.000400041,0.000382583,0.000393625,0.014285,0.000385000,0.000011500,0.000400000,186384384,19440,194400,2048,20480,397600,0.250575,7.2667,1.52,1.44,0.017223,0.000386454
A_full/N16_J128_K10_A30_D12_full_s20260822,A_full,A_full_30,16,128,10,30,3,12,full,cond,quiet,20260822,cond_plain,15,0,0,0,0.051091083,0.000499729,0.051382808,0.050734625,0.051298875,0.005522,0.051074000,0.000491000,0.051375000,315052032,19440,194400,2048,20480,397600,0.250575,7.2667,1.43,1.43,0.017187,0.051191226
A_full/N16_J128_K10_A30_D12_full_s20260822,A_full,A_full_30,16,128,10,30,3,12,full,cond,quiet,20260822,cond_structural,15,0,0,0,1.231472542,0.005445667,1.237529300,1.230894083,1.234232083,0.001355,1.231391000,0.005435500,1.237482000,315052032,19440,194400,2048,20480,397600,0.250575,7.2667,1.43,1.43,0.017187,1.233886329
A_full/N16_J128_K10_A30_D12_full_s20260822,A_full,A_full_30,16,128,10,30,3,12,full,marg,quiet,20260822,marg_plain,15,0,0,0,0.051011791,0.000571833,0.051976442,0.050886125,0.051435875,0.005388,0.051012000,0.000569000,0.051961600,330715136,19440,194400,2048,20480,397600,0.250575,7.2667,1.55,1.57,0.017208,0.051049404
A_full/N16_J128_K10_A30_D12_full_s20260822,A_full,A_full_30,16,128,10,30,3,12,full,marg,quiet,20260822,marg_structural,15,0,0,0,1.302384083,0.009432479,1.308249975,1.295781667,1.306077417,0.003953,1.302341000,0.009450000,1.308138600,330715136,19440,194400,2048,20480,397600,0.250575,7.2667,1.55,1.57,0.017208,1.303344393
A_full/N16_J128_K10_A30_D12_full_s20260822,A_full,A_full_30,16,128,10,30,3,12,full,primitives,quiet,20260822,backward_sample,15,0,0,0,0.018764791,0.000241583,0.018932475,0.018663333,0.018916375,0.006742,0.018764000,0.000229500,0.018920600,201535488,19440,194400,2048,20480,397600,0.250575,7.2667,1.38,1.43,0.017209,0.018777990
A_full/N16_J128_K10_A30_D12_full_s20260822,A_full,A_full_30,16,128,10,30,3,12,full,primitives,quiet,20260822,ffbs_complete,15,0,0,0,0.031751250,0.000260021,0.032042592,0.031616291,0.031913542,0.004681,0.031749000,0.000259000,0.032042800,201535488,19440,194400,2048,20480,397600,0.250575,7.2667,1.38,1.43,0.017209,0.031773583
A_full/N16_J128_K10_A30_D12_full_s20260822,A_full,A_full_30,16,128,10,30,3,12,full,primitives,quiet,20260822,forward_batched,15,0,0,0,0.012974041,0.000173292,0.013109809,0.012888083,0.013056375,0.006486,0.012974000,0.000174000,0.013107200,201535488,19440,194400,2048,20480,397600,0.250575,7.2667,1.38,1.43,0.017209,0.012983167
A_full/N16_J128_K10_A50_D12_full_s20260822,A_full,A_full_50,16,128,10,50,3,12,full,build,quiet,20260822,emission_build,5,1,0,0,2.707100292,0.025705917,2.725554608,2.685312125,2.730789708,0.008400,2.706998000,0.025654000,2.725409800,204226560,19440,194400,2048,20480,397600,0.259837,12.7320,1.39,1.64,0.017248,2.702885397
A_full/N16_J128_K10_A50_D12_full_s20260822,A_full,A_full_50,16,128,10,50,3,12,full,build,quiet,20260822,emission_cache_hit,6,1,0,0,0.000773563,0.000026229,0.000808625,0.000745083,0.000808625,0.041071,0.000774000,0.000027500,0.000808000,204226560,19440,194400,2048,20480,397600,0.259837,12.7320,1.39,1.64,0.017248,0.000772358
A_full/N16_J128_K10_A50_D12_full_s20260822,A_full,A_full_50,16,128,10,50,3,12,full,cond,quiet,20260822,cond_plain,5,1,0,0,0.059260334,0.000519292,0.060049717,0.055208041,0.060255750,0.042589,0.059261000,0.000521000,0.060047600,333090816,19440,194400,2048,20480,397600,0.259837,12.7320,1.56,1.34,0.017200,0.059331754
A_full/N16_J128_K10_A50_D12_full_s20260822,A_full,A_full_50,16,128,10,50,3,12,full,cond,quiet,20260822,cond_structural,5,1,0,0,2.761610792,0.012794791,2.779950667,2.739403958,2.789026167,0.008984,2.761348000,0.012715000,2.779816400,333090816,19440,194400,2048,20480,397600,0.259837,12.7320,1.56,1.34,0.017200,2.764939046
A_full/N16_J128_K10_A50_D12_full_s20260822,A_full,A_full_50,16,128,10,50,3,12,full,marg,quiet,20260822,marg_plain,5,1,0,0,0.059155833,0.000387292,0.059775959,0.054507000,0.060027542,0.046661,0.059156000,0.000373000,0.059767600,350806016,19440,194400,2048,20480,397600,0.259837,12.7320,1.34,1.39,0.017185,0.059280403
A_full/N16_J128_K10_A50_D12_full_s20260822,A_full,A_full_50,16,128,10,50,3,12,full,marg,quiet,20260822,marg_structural,5,1,0,0,2.895653417,0.009860167,2.906603275,2.888400667,2.909347709,0.003617,2.895521000,0.009969000,2.906413200,350806016,19440,194400,2048,20480,397600,0.259837,12.7320,1.34,1.39,0.017185,2.901751044
A_full/N16_J128_K10_A50_D12_full_s20260822,A_full,A_full_50,16,128,10,50,3,12,full,primitives,quiet,20260822,backward_sample,5,1,0,0,0.019698958,0.000126958,0.019740141,0.019540667,0.019744875,0.005183,0.019698000,0.000127000,0.019740200,224522240,19440,194400,2048,20480,397600,0.259837,12.7320,1.64,1.67,0.017252,0.019663538
A_full/N16_J128_K10_A50_D12_full_s20260822,A_full,A_full_50,16,128,10,50,3,12,full,primitives,quiet,20260822,ffbs_complete,5,1,0,0,0.032639708,0.000681876,0.033209892,0.032480959,0.033230625,0.011484,0.032636000,0.000681000,0.033207800,224522240,19440,194400,2048,20480,397600,0.259837,12.7320,1.64,1.67,0.017252,0.032581019
A_full/N16_J128_K10_A50_D12_full_s20260822,A_full,A_full_50,16,128,10,50,3,12,full,primitives,quiet,20260822,forward_batched,7,1,0,0,0.013004583,0.000192605,0.013223500,0.012810541,0.013135000,0.012475,0.013005000,0.000194500,0.013223400,224522240,19440,194400,2048,20480,397600,0.259837,12.7320,1.64,1.67,0.017252,0.012981200
A_full/N16_J128_K10_A5_D12_full_s20260822,A_full,A_full_5,16,128,10,5,3,12,full,build,quiet,20260822,emission_build,15,0,0,0,0.225654375,0.001227146,0.227595200,0.225134875,0.226443584,0.002900,0.225581000,0.001229500,0.227471200,158420992,19440,194400,2048,20480,397600,0.255000,1.0200,1.79,1.73,0.017244,0.225358566
A_full/N16_J128_K10_A5_D12_full_s20260822,A_full,A_full_5,16,128,10,5,3,12,full,build,quiet,20260822,emission_cache_hit,15,0,0,0,0.000160542,0.000010375,0.000169008,0.000153693,0.000163833,0.031579,0.000160000,0.000010000,0.000167800,158420992,19440,194400,2048,20480,397600,0.255000,1.0200,1.79,1.73,0.017244,0.000160332
A_full/N16_J128_K10_A5_D12_full_s20260822,A_full,A_full_5,16,128,10,5,3,12,full,cond,quiet,20260822,cond_plain,15,0,0,0,0.042994041,0.000718521,0.043762600,0.042680000,0.043351750,0.007812,0.042974000,0.000706500,0.043707200,329551872,19440,194400,2048,20480,397600,0.255000,1.0200,1.74,1.84,0.017476,0.042365737
A_full/N16_J128_K10_A5_D12_full_s20260822,A_full,A_full_5,16,128,10,5,3,12,full,cond,quiet,20260822,cond_structural,15,0,0,0,0.264819792,0.001497542,0.266836208,0.264369083,0.265980750,0.003043,0.264725000,0.001441000,0.266728400,329551872,19440,194400,2048,20480,397600,0.255000,1.0200,1.74,1.84,0.017476,0.260949780
A_full/N16_J128_K10_A5_D12_full_s20260822,A_full,A_full_5,16,128,10,5,3,12,full,marg,quiet,20260822,marg_plain,15,0,0,0,0.043432541,0.000563187,0.044114341,0.043064917,0.043698958,0.007299,0.043392000,0.000569500,0.044072000,327340032,19440,194400,2048,20480,397600,0.255000,1.0200,1.84,1.79,0.017537,0.042648965
A_full/N16_J128_K10_A5_D12_full_s20260822,A_full,A_full_5,16,128,10,5,3,12,full,marg,quiet,20260822,marg_structural,15,0,0,0,0.280620583,0.002016063,0.282601809,0.280003375,0.281787000,0.003178,0.280561000,0.001959000,0.282512000,327340032,19440,194400,2048,20480,397600,0.255000,1.0200,1.84,1.79,0.017537,0.275557848
A_full/N16_J128_K10_A5_D12_full_s20260822,A_full,A_full_5,16,128,10,5,3,12,full,primitives,quiet,20260822,backward_sample,15,0,0,0,0.015425542,0.000206125,0.015697100,0.015380083,0.015586792,0.006700,0.015426000,0.000205000,0.015683600,173142016,19440,194400,2048,20480,397600,0.255000,1.0200,1.73,1.91,0.017269,0.015382239
A_full/N16_J128_K10_A5_D12_full_s20260822,A_full,A_full_5,16,128,10,5,3,12,full,primitives,quiet,20260822,ffbs_complete,15,0,0,0,0.028641542,0.000453083,0.029070175,0.028263375,0.028699291,0.007610,0.028598000,0.000451500,0.029039200,173142016,19440,194400,2048,20480,397600,0.255000,1.0200,1.73,1.91,0.017269,0.028561138
A_full/N16_J128_K10_A5_D12_full_s20260822,A_full,A_full_5,16,128,10,5,3,12,full,primitives,quiet,20260822,forward_batched,15,0,0,0,0.013141375,0.000367562,0.013545525,0.012894292,0.013211083,0.012053,0.013141000,0.000357000,0.013526400,173142016,19440,194400,2048,20480,397600,0.255000,1.0200,1.73,1.91,0.017269,0.013104484
A_sparse/N16_J128_K10_A10_D12_sparse_s20260822,A_sparse,A_sparse_10,16,128,10,10,3,12,sparse,build,quiet,20260822,emission_build,15,0,0,0,0.366546500,0.005325043,0.371085284,0.364084492,0.369795459,0.007790,0.366521000,0.005312000,0.371051800,166899712,19440,194400,2048,20480,397600,0.237778,2.1400,1.80,1.75,0.017191,0.367180383
A_sparse/N16_J128_K10_A10_D12_sparse_s20260822,A_sparse,A_sparse_10,16,128,10,10,3,12,sparse,build,quiet,20260822,emission_cache_hit,15,0,0,0,0.000171792,0.000010958,0.000185642,0.000166042,0.000175083,0.026314,0.000171000,0.000011500,0.000185000,166899712,19440,194400,2048,20480,397600,0.237778,2.1400,1.80,1.75,0.017191,0.000172089
A_sparse/N16_J128_K10_A10_D12_sparse_s20260822,A_sparse,A_sparse_10,16,128,10,10,3,12,sparse,cond,quiet,20260822,cond_plain,15,0,0,0,0.044932375,0.000231021,0.045219217,0.044786667,0.045058584,0.003026,0.044930000,0.000221000,0.045216200,338661376,19440,194400,2048,20480,397600,0.237778,2.1400,1.85,1.72,0.017207,0.044968663
A_sparse/N16_J128_K10_A10_D12_sparse_s20260822,A_sparse,A_sparse_10,16,128,10,10,3,12,sparse,cond,quiet,20260822,cond_structural,15,0,0,0,0.398847500,0.004708251,0.403172883,0.396938667,0.402851375,0.007412,0.398815000,0.004675000,0.403152800,338661376,19440,194400,2048,20480,397600,0.237778,2.1400,1.85,1.72,0.017207,0.399169611
A_sparse/N16_J128_K10_A10_D12_sparse_s20260822,A_sparse,A_sparse_10,16,128,10,10,3,12,sparse,marg,quiet,20260822,marg_plain,15,0,0,0,0.043747625,0.000289229,0.044208542,0.043691833,0.044049458,0.004087,0.043742000,0.000285000,0.044204600,325582848,19440,194400,2048,20480,397600,0.237778,2.1400,1.72,1.61,0.017212,0.043769706
A_sparse/N16_J128_K10_A10_D12_sparse_s20260822,A_sparse,A_sparse_10,16,128,10,10,3,12,sparse,marg,quiet,20260822,marg_structural,15,0,0,0,0.426995500,0.002393124,0.428129525,0.425227667,0.427246875,0.002364,0.426982000,0.002405000,0.428105200,325582848,19440,194400,2048,20480,397600,0.237778,2.1400,1.72,1.61,0.017212,0.427211016
A_sparse/N16_J128_K10_A10_D12_sparse_s20260822,A_sparse,A_sparse_10,16,128,10,10,3,12,sparse,primitives,quiet,20260822,backward_sample,15,0,0,0,0.017883667,0.000140958,0.017995541,0.017840042,0.017979666,0.003904,0.017884000,0.000142000,0.017994400,176676864,19440,194400,2048,20480,397600,0.237778,2.1400,1.75,1.85,0.017246,0.017858152
A_sparse/N16_J128_K10_A10_D12_sparse_s20260822,A_sparse,A_sparse_10,16,128,10,10,3,12,sparse,primitives,quiet,20260822,ffbs_complete,15,0,0,0,0.030788167,0.000181000,0.031036317,0.030702250,0.030882042,0.002920,0.030785000,0.000181000,0.031034600,176676864,19440,194400,2048,20480,397600,0.237778,2.1400,1.75,1.85,0.017246,0.030744241
A_sparse/N16_J128_K10_A10_D12_sparse_s20260822,A_sparse,A_sparse_10,16,128,10,10,3,12,sparse,primitives,quiet,20260822,forward_batched,15,0,0,0,0.013051833,0.000269958,0.013190450,0.012887292,0.013155667,0.010281,0.013051000,0.000255000,0.013179600,176676864,19440,194400,2048,20480,397600,0.237778,2.1400,1.75,1.85,0.017246,0.013033212
A_sparse/N16_J128_K10_A20_D12_sparse_s20260822,A_sparse,A_sparse_20,16,128,10,20,3,12,sparse,build,quiet,20260822,emission_build,15,0,0,0,0.585462958,0.004007750,0.588938142,0.583887146,0.587378042,0.002981,0.585441000,0.003988000,0.588859000,181501952,19440,194400,2048,20480,397600,0.056842,1.0800,1.67,1.57,0.017220,0.585511833
A_sparse/N16_J128_K10_A20_D12_sparse_s20260822,A_sparse,A_sparse_20,16,128,10,20,3,12,sparse,build,quiet,20260822,emission_cache_hit,15,0,0,0,0.000244833,0.000004187,0.000250200,0.000244209,0.000246417,0.004509,0.000244000,0.000004500,0.000249800,181501952,19440,194400,2048,20480,397600,0.056842,1.0800,1.67,1.57,0.017220,0.000244853
A_sparse/N16_J128_K10_A20_D12_sparse_s20260822,A_sparse,A_sparse_20,16,128,10,20,3,12,sparse,cond,quiet,20260822,cond_plain,15,0,0,0,0.045497750,0.000299229,0.045767300,0.045317792,0.045640416,0.003545,0.045497000,0.000293500,0.045765200,329338880,19440,194400,2048,20480,397600,0.056842,1.0800,1.84,1.86,0.017205,0.045539676
A_sparse/N16_J128_K10_A20_D12_sparse_s20260822,A_sparse,A_sparse_20,16,128,10,20,3,12,sparse,cond,quiet,20260822,cond_structural,15,0,0,0,0.618863292,0.006600125,0.624575533,0.618017625,0.623314250,0.004279,0.618799000,0.006545000,0.624505800,329338880,19440,194400,2048,20480,397600,0.056842,1.0800,1.84,1.86,0.017205,0.619433573
A_sparse/N16_J128_K10_A20_D12_sparse_s20260822,A_sparse,A_sparse_20,16,128,10,20,3,12,sparse,marg,quiet,20260822,marg_plain,15,0,0,0,0.045868083,0.000433229,0.046413808,0.045733028,0.046198750,0.005077,0.045862000,0.000437000,0.046400400,328785920,19440,194400,2048,20480,397600,0.056842,1.0800,1.86,1.67,0.017239,0.045820912
A_sparse/N16_J128_K10_A20_D12_sparse_s20260822,A_sparse,A_sparse_20,16,128,10,20,3,12,sparse,marg,quiet,20260822,marg_structural,15,0,0,0,0.656652542,0.005860417,0.659922717,0.655013459,0.659468750,0.003392,0.656588000,0.005922000,0.659874600,328785920,19440,194400,2048,20480,397600,0.056842,1.0800,1.86,1.67,0.017239,0.655977233
A_sparse/N16_J128_K10_A20_D12_sparse_s20260822,A_sparse,A_sparse_20,16,128,10,20,3,12,sparse,primitives,quiet,20260822,backward_sample,15,0,0,0,0.016695250,0.000109042,0.016833750,0.016688125,0.016768542,0.002408,0.016695000,0.000101500,0.016832600,195121152,19440,194400,2048,20480,397600,0.056842,1.0800,1.91,1.91,0.017237,0.016679370
A_sparse/N16_J128_K10_A20_D12_sparse_s20260822,A_sparse,A_sparse_20,16,128,10,20,3,12,sparse,primitives,quiet,20260822,ffbs_complete,15,0,0,0,0.029760750,0.000201896,0.029904034,0.029609833,0.029843231,0.003921,0.029760000,0.000200000,0.029895800,195121152,19440,194400,2048,20480,397600,0.056842,1.0800,1.91,1.91,0.017237,0.029732443
A_sparse/N16_J128_K10_A20_D12_sparse_s20260822,A_sparse,A_sparse_20,16,128,10,20,3,12,sparse,primitives,quiet,20260822,forward_batched,15,0,0,0,0.012959083,0.000148542,0.013100475,0.012870000,0.013068125,0.007644,0.012959000,0.000146500,0.013092600,195121152,19440,194400,2048,20480,397600,0.056842,1.0800,1.91,1.91,0.017237,0.012946757
A_sparse/N16_J128_K10_A30_D12_sparse_s20260822,A_sparse,A_sparse_30,16,128,10,30,3,12,sparse,build,quiet,20260822,emission_build,15,0,0,0,0.966912333,0.007351834,0.975438842,0.964317958,0.974420959,0.005224,0.966866000,0.007376500,0.975355400,186515456,19440,194400,2048,20480,397600,0.027241,0.7900,1.50,1.51,0.017202,0.967995589
A_sparse/N16_J128_K10_A30_D12_sparse_s20260822,A_sparse,A_sparse_30,16,128,10,30,3,12,sparse,build,quiet,20260822,emission_cache_hit,15,0,0,0,0.000359167,0.000012145,0.000374100,0.000353584,0.000366792,0.018387,0.000358000,0.000012000,0.000372800,186515456,19440,194400,2048,20480,397600,0.027241,0.7900,1.50,1.51,0.017202,0.000359569
A_sparse/N16_J128_K10_A30_D12_sparse_s20260822,A_sparse,A_sparse_30,16,128,10,30,3,12,sparse,cond,quiet,20260822,cond_plain,15,0,0,0,0.049478334,0.000322355,0.049950842,0.049374375,0.049727334,0.003567,0.049479000,0.000310500,0.049947800,310067200,19440,194400,2048,20480,397600,0.027241,0.7900,1.44,1.70,0.017315,0.049210496
A_sparse/N16_J128_K10_A30_D12_sparse_s20260822,A_sparse,A_sparse_30,16,128,10,30,3,12,sparse,cond,quiet,20260822,cond_structural,15,0,0,0,0.939844708,0.007266979,0.946624409,0.937526250,0.944122125,0.003509,0.939767000,0.007268000,0.946592400,310067200,19440,194400,2048,20480,397600,0.027241,0.7900,1.44,1.70,0.017315,0.934757112
A_sparse/N16_J128_K10_A30_D12_sparse_s20260822,A_sparse,A_sparse_30,16,128,10,30,3,12,sparse,marg,quiet,20260822,marg_plain,15,0,0,0,0.050019583,0.000319813,0.050537208,0.049966167,0.050295625,0.003293,0.050016000,0.000318500,0.050525400,336482304,19440,194400,2048,20480,397600,0.027241,0.7900,1.70,1.50,0.017258,0.049912285
A_sparse/N16_J128_K10_A30_D12_sparse_s20260822,A_sparse,A_sparse_30,16,128,10,30,3,12,sparse,marg,quiet,20260822,marg_structural,15,0,0,0,0.953600209,0.004675729,0.959856883,0.951837833,0.955015292,0.001666,0.953557000,0.004688500,0.959789200,336482304,19440,194400,2048,20480,397600,0.027241,0.7900,1.70,1.50,0.017258,0.951554621
A_sparse/N16_J128_K10_A30_D12_sparse_s20260822,A_sparse,A_sparse_30,16,128,10,30,3,12,sparse,primitives,quiet,20260822,backward_sample,15,0,0,0,0.016827875,0.000194625,0.017006941,0.016748541,0.016933666,0.005501,0.016827000,0.000195500,0.017006000,202526720,19440,194400,2048,20480,397600,0.027241,0.7900,1.51,1.47,0.017214,0.016834901
A_sparse/N16_J128_K10_A30_D12_sparse_s20260822,A_sparse,A_sparse_30,16,128,10,30,3,12,sparse,primitives,quiet,20260822,ffbs_complete,15,0,0,0,0.029973167,0.000369000,0.030260983,0.029786125,0.030179000,0.006554,0.029974000,0.000362000,0.030241200,202526720,19440,194400,2048,20480,397600,0.027241,0.7900,1.51,1.47,0.017214,0.029985682
A_sparse/N16_J128_K10_A30_D12_sparse_s20260822,A_sparse,A_sparse_30,16,128,10,30,3,12,sparse,primitives,quiet,20260822,forward_batched,15,0,0,0,0.013097167,0.000215751,0.013330483,0.012954333,0.013180583,0.008637,0.013097000,0.000215500,0.013330200,202526720,19440,194400,2048,20480,397600,0.027241,0.7900,1.51,1.47,0.017214,0.013102636
A_sparse/N16_J128_K10_A50_D12_sparse_s20260822,A_sparse,A_sparse_50,16,128,10,50,3,12,sparse,build,quiet,20260822,emission_build,5,1,0,0,1.796015833,0.008656208,1.799751791,1.766883792,1.801172958,0.009546,1.795978000,0.008696000,1.799618200,203350016,19440,194400,2048,20480,397600,0.009102,0.4460,1.58,1.67,0.017220,1.796157108
A_sparse/N16_J128_K10_A50_D12_sparse_s20260822,A_sparse,A_sparse_50,16,128,10,50,3,12,sparse,build,quiet,20260822,emission_cache_hit,7,1,0,0,0.000700833,0.000036062,0.000764366,0.000686459,0.000732750,0.033026,0.000700000,0.000034500,0.000762400,203350016,19440,194400,2048,20480,397600,0.009102,0.4460,1.58,1.67,0.017220,0.000700888
A_sparse/N16_J128_K10_A50_D12_sparse_s20260822,A_sparse,A_sparse_50,16,128,10,50,3,12,sparse,cond,quiet,20260822,cond_plain,5,1,0,0,0.056536750,0.000357626,0.056974258,0.051977625,0.057104958,0.045345,0.056534000,0.000352000,0.056964800,364781568,19440,194400,2048,20480,397600,0.009102,0.4460,1.62,1.44,0.017208,0.056580489
A_sparse/N16_J128_K10_A50_D12_sparse_s20260822,A_sparse,A_sparse_50,16,128,10,50,3,12,sparse,cond,quiet,20260822,cond_structural,5,1,0,0,1.825578083,0.026597958,1.841652650,1.801390250,1.843920000,0.011648,1.825393000,0.026540000,1.841530200,364781568,19440,194400,2048,20480,397600,0.009102,0.4460,1.62,1.44,0.017208,1.826990418
A_sparse/N16_J128_K10_A50_D12_sparse_s20260822,A_sparse,A_sparse_50,16,128,10,50,3,12,sparse,marg,quiet,20260822,marg_plain,5,1,0,0,0.055823709,0.000171500,0.055921809,0.052067292,0.055942709,0.034711,0.055824000,0.000171000,0.055921800,320491520,19440,194400,2048,20480,397600,0.009102,0.4460,1.67,1.63,0.017245,0.055747029
A_sparse/N16_J128_K10_A50_D12_sparse_s20260822,A_sparse,A_sparse_50,16,128,10,50,3,12,sparse,marg,quiet,20260822,marg_structural,5,1,0,0,1.912015209,0.027477584,1.925622034,1.889065584,1.928399917,0.010286,1.911915000,0.027442000,1.925484200,320491520,19440,194400,2048,20480,397600,0.009102,0.4460,1.67,1.63,0.017245,1.909388839
A_sparse/N16_J128_K10_A50_D12_sparse_s20260822,A_sparse,A_sparse_50,16,128,10,50,3,12,sparse,primitives,quiet,20260822,backward_sample,5,1,0,0,0.016241916,0.000209292,0.016397000,0.016064208,0.016418584,0.010909,0.016242000,0.000209000,0.016388000,219439104,19440,194400,2048,20480,397600,0.009102,0.4460,1.67,1.62,0.017212,0.016249997
A_sparse/N16_J128_K10_A50_D12_sparse_s20260822,A_sparse,A_sparse_50,16,128,10,50,3,12,sparse,primitives,quiet,20260822,ffbs_complete,5,1,0,0,0.029270458,0.000152041,0.029345991,0.029134583,0.029372458,0.004063,0.029258000,0.000152000,0.029345000,219439104,19440,194400,2048,20480,397600,0.009102,0.4460,1.67,1.62,0.017212,0.029285021
A_sparse/N16_J128_K10_A50_D12_sparse_s20260822,A_sparse,A_sparse_50,16,128,10,50,3,12,sparse,primitives,quiet,20260822,forward_batched,7,1,0,0,0.013023708,0.000108770,0.013156467,0.012955959,0.013124833,0.006483,0.013024000,0.000108000,0.013154800,219439104,19440,194400,2048,20480,397600,0.009102,0.4460,1.67,1.62,0.017212,0.013030188
A_sparse/N16_J128_K10_A5_D12_sparse_s20260822,A_sparse,A_sparse_5,16,128,10,5,3,12,sparse,build,quiet,20260822,emission_build,15,0,0,0,0.239161333,0.002680146,0.241715183,0.237926166,0.239970625,0.004274,0.238945000,0.002644000,0.241589600,154734592,19440,194400,2048,20480,397600,0.255000,1.0200,1.77,1.79,0.017282,0.238319754
A_sparse/N16_J128_K10_A5_D12_sparse_s20260822,A_sparse,A_sparse_5,16,128,10,5,3,12,sparse,build,quiet,20260822,emission_cache_hit,15,0,0,0,0.000160625,0.000011438,0.000173050,0.000155833,0.000168208,0.038521,0.000159000,0.000011500,0.000172600,154734592,19440,194400,2048,20480,397600,0.255000,1.0200,1.77,1.79,0.017282,0.000160060
A_sparse/N16_J128_K10_A5_D12_sparse_s20260822,A_sparse,A_sparse_5,16,128,10,5,3,12,sparse,cond,quiet,20260822,cond_plain,15,0,0,0,0.043265833,0.000870146,0.044156525,0.042968917,0.043751333,0.009042,0.043237000,0.000832000,0.044132800,288227328,19440,194400,2048,20480,397600,0.255000,1.0200,1.81,1.82,0.017259,0.043171146
A_sparse/N16_J128_K10_A5_D12_sparse_s20260822,A_sparse,A_sparse_5,16,128,10,5,3,12,sparse,cond,quiet,20260822,cond_structural,15,0,0,0,0.266273500,0.001823583,0.268274942,0.265321500,0.267456250,0.004009,0.266204000,0.001851000,0.268193400,288227328,19440,194400,2048,20480,397600,0.255000,1.0200,1.81,1.82,0.017259,0.265690765
A_sparse/N16_J128_K10_A5_D12_sparse_s20260822,A_sparse,A_sparse_5,16,128,10,5,3,12,sparse,marg,quiet,20260822,marg_plain,15,0,0,0,0.043664583,0.000710354,0.044074658,0.043121958,0.043890500,0.008801,0.043664000,0.000679500,0.044039200,319414272,19440,194400,2048,20480,397600,0.255000,1.0200,1.91,1.77,0.017205,0.043705137
A_sparse/N16_J128_K10_A5_D12_sparse_s20260822,A_sparse,A_sparse_5,16,128,10,5,3,12,sparse,marg,quiet,20260822,marg_structural,15,0,0,0,0.282344292,0.001841667,0.284021417,0.281351834,0.283241833,0.003347,0.282277000,0.001790000,0.283928800,319414272,19440,194400,2048,20480,397600,0.255000,1.0200,1.91,1.77,0.017205,0.282606525
A_sparse/N16_J128_K10_A5_D12_sparse_s20260822,A_sparse,A_sparse_5,16,128,10,5,3,12,sparse,primitives,quiet,20260822,backward_sample,15,0,0,0,0.015190875,0.000212563,0.015380483,0.015107416,0.015316042,0.006867,0.015191000,0.000199500,0.015380600,173875200,19440,194400,2048,20480,397600,0.255000,1.0200,1.79,1.81,0.017422,0.015015921
A_sparse/N16_J128_K10_A5_D12_sparse_s20260822,A_sparse,A_sparse_5,16,128,10,5,3,12,sparse,primitives,quiet,20260822,ffbs_complete,15,0,0,0,0.028334333,0.000461521,0.028998442,0.028168125,0.028829792,0.011676,0.028331000,0.000461000,0.028962200,173875200,19440,194400,2048,20480,397600,0.255000,1.0200,1.79,1.81,0.017422,0.028008005
A_sparse/N16_J128_K10_A5_D12_sparse_s20260822,A_sparse,A_sparse_5,16,128,10,5,3,12,sparse,primitives,quiet,20260822,forward_batched,15,0,0,0,0.013151042,0.000321792,0.013527350,0.013053375,0.013382875,0.012528,0.013150000,0.000313500,0.013497200,173875200,19440,194400,2048,20480,397600,0.255000,1.0200,1.79,1.81,0.017422,0.012999581
D/N16_J192_K10_A20_D12_full_s20260822,D,D_12,16,192,10,20,3,12,full,build,quiet,20260822,emission_build,15,0,0,0,1.020048875,0.007480375,1.025762225,1.017534208,1.024603833,0.003465,1.020031000,0.007561500,1.025699200,232763392,29680,296800,3072,30720,602400,0.247368,4.7000,1.45,1.32,0.017212,1.020593368
D/N16_J192_K10_A20_D12_full_s20260822,D,D_12,16,192,10,20,3,12,full,build,quiet,20260822,emission_cache_hit,15,0,0,0,0.000254583,0.000004355,0.000261692,0.000252958,0.000258292,0.010476,0.000254000,0.000004500,0.000260800,232763392,29680,296800,3072,30720,602400,0.247368,4.7000,1.45,1.32,0.017212,0.000254719
D/N16_J192_K10_A20_D12_full_s20260822,D,D_12,16,192,10,20,3,12,full,cond,quiet,20260822,cond_plain,15,0,0,0,0.069241708,0.000775813,0.070110308,0.069065916,0.069856792,0.005711,0.069233000,0.000762000,0.070097400,496541696,29680,296800,3072,30720,602400,0.247368,4.7000,1.51,1.43,0.017188,0.069375744
D/N16_J192_K10_A20_D12_full_s20260822,D,D_12,16,192,10,20,3,12,full,cond,quiet,20260822,cond_structural,15,0,0,0,1.083560250,0.008468292,1.091942975,1.077836666,1.088465875,0.004905,1.083495000,0.008449000,1.091870800,496541696,29680,296800,3072,30720,602400,0.247368,4.7000,1.51,1.43,0.017188,1.085657777
D/N16_J192_K10_A20_D12_full_s20260822,D,D_12,16,192,10,20,3,12,full,marg,quiet,20260822,marg_plain,15,0,0,0,0.069757042,0.000474209,0.070238475,0.069461084,0.069997042,0.003842,0.069748000,0.000468000,0.070236200,555950080,29680,296800,3072,30720,602400,0.247368,4.7000,1.48,1.45,0.017212,0.069794278
D/N16_J192_K10_A20_D12_full_s20260822,D,D_12,16,192,10,20,3,12,full,marg,quiet,20260822,marg_structural,15,0,0,0,1.152951208,0.010536959,1.157323467,1.146495058,1.156071542,0.004153,1.152813000,0.010544500,1.157235000,555950080,29680,296800,3072,30720,602400,0.247368,4.7000,1.48,1.45,0.017212,1.153566643
D/N16_J192_K10_A20_D12_full_s20260822,D,D_12,16,192,10,20,3,12,full,primitives,quiet,20260822,backward_sample,15,0,0,0,0.028285959,0.000358751,0.028643225,0.028170916,0.028491542,0.005668,0.028277000,0.000341000,0.028643200,257916928,29680,296800,3072,30720,602400,0.247368,4.7000,1.32,1.37,0.017287,0.028177933
D/N16_J192_K10_A20_D12_full_s20260822,D,D_12,16,192,10,20,3,12,full,primitives,quiet,20260822,ffbs_complete,15,0,0,0,0.051112417,0.000292104,0.051530034,0.051063000,0.051440500,0.003693,0.051114000,0.000293500,0.051525600,257916928,29680,296800,3072,30720,602400,0.247368,4.7000,1.32,1.37,0.017287,0.050917214
D/N16_J192_K10_A20_D12_full_s20260822,D,D_12,16,192,10,20,3,12,full,primitives,quiet,20260822,forward_batched,15,0,0,0,0.022873625,0.000194000,0.023003141,0.022682709,0.022943375,0.005698,0.022874000,0.000184500,0.023003800,257916928,29680,296800,3072,30720,602400,0.247368,4.7000,1.32,1.37,0.017287,0.022786269
D/N16_J192_K10_A20_D24_full_s20260822,D,D_24,16,192,10,20,3,24,full,build,quiet,20260822,emission_build,15,0,0,0,3.845475042,0.009574125,3.854026275,3.837335959,3.847828250,0.001364,3.845309000,0.009591000,3.853811400,261165056,63184,631840,3072,30720,935520,0.247368,4.7000,1.22,1.38,0.017209,3.848254365
D/N16_J192_K10_A20_D24_full_s20260822,D,D_24,16,192,10,20,3,24,full,build,quiet,20260822,emission_cache_hit,15,0,0,0,0.000265458,0.000005333,0.000272483,0.000263250,0.000267460,0.007929,0.000264000,0.000005500,0.000272200,261165056,63184,631840,3072,30720,935520,0.247368,4.7000,1.22,1.38,0.017209,0.000265650
D/N16_J192_K10_A20_D24_full_s20260822,D,D_24,16,192,10,20,3,24,full,cond,quiet,20260822,cond_plain,15,0,0,0,0.100962458,0.000598021,0.101543442,0.100788748,0.101292667,0.002496,0.100942000,0.000593500,0.101531600,637411328,63184,631840,3072,30720,935520,0.247368,4.7000,1.54,1.26,0.017164,0.101299837
D/N16_J192_K10_A20_D24_full_s20260822,D,D_24,16,192,10,20,3,24,full,cond,quiet,20260822,cond_structural,15,0,0,0,4.000129000,0.021861750,4.023015491,3.992948292,4.019190708,0.003280,3.999949000,0.022026000,4.022787200,637411328,63184,631840,3072,30720,935520,0.247368,4.7000,1.54,1.26,0.017164,4.013495954
D/N16_J192_K10_A20_D24_full_s20260822,D,D_24,16,192,10,20,3,24,full,marg,quiet,20260822,marg_plain,15,0,0,0,0.100399500,0.001167500,0.101124941,0.099867667,0.101000708,0.005643,0.100400000,0.001163000,0.101119800,691462144,63184,631840,3072,30720,935520,0.247368,4.7000,1.77,1.22,0.017175,0.100669506
D/N16_J192_K10_A20_D24_full_s20260822,D,D_24,16,192,10,20,3,24,full,marg,quiet,20260822,marg_structural,15,0,0,0,4.057392500,0.016615812,4.069809292,4.050955458,4.069574916,0.002295,4.057077000,0.016591000,4.069545400,691462144,63184,631840,3072,30720,935520,0.247368,4.7000,1.77,1.22,0.017175,4.068304125
D/N16_J192_K10_A20_D24_full_s20260822,D,D_24,16,192,10,20,3,24,full,primitives,quiet,20260822,backward_sample,15,0,0,0,0.046571333,0.000270333,0.046777292,0.046483334,0.046731833,0.002668,0.046570000,0.000274000,0.046775400,294809600,63184,631840,3072,30720,935520,0.247368,4.7000,1.38,1.54,0.017224,0.046563504
D/N16_J192_K10_A20_D24_full_s20260822,D,D_24,16,192,10,20,3,24,full,primitives,quiet,20260822,ffbs_complete,15,0,0,0,0.072232708,0.000489771,0.072756775,0.072020708,0.072508975,0.003380,0.072232000,0.000485000,0.072741800,294809600,63184,631840,3072,30720,935520,0.247368,4.7000,1.38,1.54,0.017224,0.072220565
D/N16_J192_K10_A20_D24_full_s20260822,D,D_24,16,192,10,20,3,24,full,primitives,quiet,20260822,forward_batched,15,0,0,0,0.025712583,0.000365125,0.026104592,0.025630387,0.025970534,0.006614,0.025708000,0.000353000,0.026096800,294809600,63184,631840,3072,30720,935520,0.247368,4.7000,1.38,1.54,0.017224,0.025708260
D/N16_J192_K10_A20_D48_full_s20260822,D,D_48,16,192,10,20,3,48,full,build,quiet,20260822,emission_build,15,0,0,0,13.909915875,0.047558021,13.958397658,13.880942833,13.928555000,0.001711,13.908722000,0.046788000,13.957414200,306061312,123280,1232800,3072,30720,1532640,0.247368,4.7000,1.70,1.59,0.017203,13.924217300
D/N16_J192_K10_A20_D48_full_s20260822,D,D_48,16,192,10,20,3,48,full,build,quiet,20260822,emission_cache_hit,15,0,0,0,0.000263667,0.000004645,0.000279025,0.000260750,0.000266917,0.011695,0.000263000,0.000005500,0.000278200,306061312,123280,1232800,3072,30720,1532640,0.247368,4.7000,1.70,1.59,0.017203,0.000263938
D/N16_J192_K10_A20_D48_full_s20260822,D,D_48,16,192,10,20,3,48,full,cond,quiet,20260822,cond_plain,15,0,0,0,0.128603375,0.000969229,0.129913809,0.128210000,0.129298500,0.004232,0.128598000,0.000961500,0.129896600,854061056,123280,1232800,3072,30720,1532640,0.247368,4.7000,1.64,1.53,0.017230,0.128536360
D/N16_J192_K10_A20_D48_full_s20260822,D,D_48,16,192,10,20,3,48,full,cond,quiet,20260822,cond_structural,15,0,0,0,14.446764667,0.028578563,14.474342408,14.434467625,14.461838042,0.000947,14.445897000,0.029405500,14.473274600,854061056,123280,1232800,3072,30720,1532640,0.247368,4.7000,1.64,1.53,0.017230,14.439236482
D/N16_J192_K10_A20_D48_full_s20260822,D,D_48,16,192,10,20,3,48,full,marg,quiet,20260822,marg_plain,15,0,0,0,0.127752584,0.000656854,0.128701883,0.127525917,0.128202458,0.002648,0.127752000,0.000659000,0.128673600,870031360,123280,1232800,3072,30720,1532640,0.247368,4.7000,1.53,1.38,0.017193,0.127958938
D/N16_J192_K10_A20_D48_full_s20260822,D,D_48,16,192,10,20,3,48,full,marg,quiet,20260822,marg_structural,15,0,0,0,14.211207875,0.049155875,14.247318716,14.192749208,14.235966583,0.001521,14.210258000,0.049162000,14.246082200,870031360,123280,1232800,3072,30720,1532640,0.247368,4.7000,1.53,1.38,0.017193,14.234162670
D/N16_J192_K10_A20_D48_full_s20260822,D,D_48,16,192,10,20,3,48,full,primitives,quiet,20260822,backward_sample,15,0,0,0,0.063469583,0.000564209,0.064101700,0.063130792,0.063634334,0.003967,0.063467000,0.000563500,0.064100800,341794816,123280,1232800,3072,30720,1532640,0.247368,4.7000,1.59,1.64,0.017227,0.063448628
D/N16_J192_K10_A20_D48_full_s20260822,D,D_48,16,192,10,20,3,48,full,primitives,quiet,20260822,ffbs_complete,15,0,0,0,0.095295667,0.000413084,0.095669216,0.095133000,0.095500583,0.001929,0.095292000,0.000407000,0.095650200,341794816,123280,1232800,3072,30720,1532640,0.247368,4.7000,1.59,1.64,0.017227,0.095264204
D/N16_J192_K10_A20_D48_full_s20260822,D,D_48,16,192,10,20,3,48,full,primitives,quiet,20260822,forward_batched,15,0,0,0,0.031295583,0.000099124,0.031778492,0.031258834,0.031362792,0.001661,0.031295000,0.000097000,0.031769000,341794816,123280,1232800,3072,30720,1532640,0.247368,4.7000,1.59,1.64,0.017227,0.031285251
D/N16_J192_K10_A20_D6_full_s20260822,D,D_6,16,192,10,20,3,6,full,build,quiet,20260822,emission_build,15,0,0,0,0.257192667,0.003085312,0.259515825,0.255137000,0.258180833,0.005917,0.257134000,0.003069500,0.259421400,215638016,12064,120640,3072,30720,427200,0.247368,4.7000,1.88,1.74,0.017249,0.256768672
D/N16_J192_K10_A20_D6_full_s20260822,D,D_6,16,192,10,20,3,6,full,build,quiet,20260822,emission_cache_hit,15,0,0,0,0.000268000,0.000017230,0.000279075,0.000258541,0.000274250,0.029308,0.000267000,0.000017500,0.000278600,215638016,12064,120640,3072,30720,427200,0.247368,4.7000,1.88,1.74,0.017249,0.000267558
D/N16_J192_K10_A20_D6_full_s20260822,D,D_6,16,192,10,20,3,6,full,cond,quiet,20260822,cond_plain,15,0,0,0,0.051226709,0.000514188,0.051882825,0.051013958,0.051557250,0.005303,0.051224000,0.000487000,0.051845000,512237568,12064,120640,3072,30720,427200,0.247368,4.7000,1.96,2.04,0.017265,0.051097085
D/N16_J192_K10_A20_D6_full_s20260822,D,D_6,16,192,10,20,3,6,full,cond,quiet,20260822,cond_structural,15,0,0,0,0.308736167,0.004084625,0.313190025,0.305918875,0.309453667,0.005725,0.308634000,0.004042500,0.313089000,512237568,12064,120640,3072,30720,427200,0.247368,4.7000,1.96,2.04,0.017265,0.307954941
D/N16_J192_K10_A20_D6_full_s20260822,D,D_6,16,192,10,20,3,6,full,marg,quiet,20260822,marg_plain,15,0,0,0,0.051638042,0.000932896,0.052532225,0.051114542,0.052127500,0.009808,0.051605000,0.000891500,0.052505000,559538176,12064,120640,3072,30720,427200,0.247368,4.7000,2.04,1.88,0.017254,0.051539842
D/N16_J192_K10_A20_D6_full_s20260822,D,D_6,16,192,10,20,3,6,full,marg,quiet,20260822,marg_structural,15,0,0,0,0.343874375,0.003073480,0.346016417,0.342134500,0.345826792,0.005369,0.343670000,0.003039500,0.345906600,559538176,12064,120640,3072,30720,427200,0.247368,4.7000,2.04,1.88,0.017254,0.343220430
D/N16_J192_K10_A20_D6_full_s20260822,D,D_6,16,192,10,20,3,6,full,primitives,quiet,20260822,backward_sample,15,0,0,0,0.018507542,0.000224145,0.018826709,0.018444834,0.018674583,0.006207,0.018506000,0.000208000,0.018806200,243806208,12064,120640,3072,30720,427200,0.247368,4.7000,1.96,1.96,0.017474,0.018239817
D/N16_J192_K10_A20_D6_full_s20260822,D,D_6,16,192,10,20,3,6,full,primitives,quiet,20260822,ffbs_complete,15,0,0,0,0.040088209,0.000238042,0.040579908,0.040002458,0.040250458,0.003093,0.040081000,0.000224000,0.040558000,243806208,12064,120640,3072,30720,427200,0.247368,4.7000,1.96,1.96,0.017474,0.039508304
D/N16_J192_K10_A20_D6_full_s20260822,D,D_6,16,192,10,20,3,6,full,primitives,quiet,20260822,forward_batched,15,0,0,0,0.021100958,0.000245605,0.021548808,0.021009333,0.021314959,0.007242,0.021100000,0.000237500,0.021542800,243806208,12064,120640,3072,30720,427200,0.247368,4.7000,1.96,1.96,0.017474,0.020795717
D/N16_J192_K10_A20_D96_full_s20260822,D,D_96,16,192,10,20,3,96,full,build,quiet,20260822,emission_build,5,1,0,0,45.814177250,0.088215001,45.833936159,45.704111000,45.843393625,0.001520,45.811168000,0.087905000,45.831045600,413028352,215824,2158240,3072,30720,2450400,0.247368,4.7000,1.63,1.56,0.017199,45.872725570
D/N16_J192_K10_A20_D96_full_s20260822,D,D_96,16,192,10,20,3,96,full,build,quiet,20260822,emission_cache_hit,9,1,0,1,0.000240875,0.000025125,0.000279058,0.000235084,0.000266958,0.066163,0.000241000,0.000024000,0.000278000,413028352,215824,2158240,3072,30720,2450400,0.247368,4.7000,1.63,1.56,0.017199,0.000241183
D/N16_J192_K10_A20_D96_full_s20260822,D,D_96,16,192,10,20,3,96,full,cond,quiet,20260822,cond_plain,5,1,0,0,0.176166292,0.000773792,0.176341258,0.167890000,0.176382542,0.024104,0.176162000,0.000743000,0.176311000,1133932544,215824,2158240,3072,30720,2450400,0.247368,4.7000,3.60,1.58,0.017239,0.175977464
D/N16_J192_K10_A20_D96_full_s20260822,D,D_96,16,192,10,20,3,96,full,cond,quiet,20260822,cond_structural,5,1,0,0,44.820275459,0.043917208,44.871515941,44.814340542,44.876681708,0.000695,44.817265000,0.044310000,44.868800000,1133932544,215824,2158240,3072,30720,2450400,0.247368,4.7000,3.60,1.58,0.017239,44.772233835
D/N16_J192_K10_A20_D96_full_s20260822,D,D_96,16,192,10,20,3,96,full,marg,quiet,20260822,marg_plain,5,1,0,0,0.173571084,0.002080416,0.175467591,0.163474542,0.176465375,0.037422,0.173571000,0.002080000,0.175446400,1243475968,215824,2158240,3072,30720,2450400,0.247368,4.7000,1.58,1.60,0.017188,0.173901594
D/N16_J192_K10_A20_D96_full_s20260822,D,D_96,16,192,10,20,3,96,full,marg,quiet,20260822,marg_structural,5,1,0,0,46.346762959,0.067249708,46.367926500,46.118758125,46.380494333,0.002824,46.343901000,0.067169000,46.364807800,1243475968,215824,2158240,3072,30720,2450400,0.247368,4.7000,1.58,1.60,0.017188,46.435015475
D/N16_J192_K10_A20_D96_full_s20260822,D,D_96,16,192,10,20,3,96,full,primitives,quiet,20260822,backward_sample,5,1,0,0,0.097498459,0.000686792,0.097618184,0.096455292,0.097665584,0.006207,0.097472000,0.000690000,0.097617400,440651776,215824,2158240,3072,30720,2450400,0.247368,4.7000,4.68,3.60,0.017202,0.097606270
D/N16_J192_K10_A20_D96_full_s20260822,D,D_96,16,192,10,20,3,96,full,primitives,quiet,20260822,ffbs_complete,5,1,0,0,0.137834709,0.001217334,0.138905317,0.136723000,0.139401333,0.009716,0.137836000,0.001204000,0.138896200,440651776,215824,2158240,3072,30720,2450400,0.247368,4.7000,4.68,3.60,0.017202,0.137987123
D/N16_J192_K10_A20_D96_full_s20260822,D,D_96,16,192,10,20,3,96,full,primitives,quiet,20260822,forward_batched,7,1,0,0,0.040616625,0.000407605,0.041213508,0.040230916,0.040970125,0.009100,0.040608000,0.000407500,0.041204400,440651776,215824,2158240,3072,30720,2450400,0.247368,4.7000,4.68,3.60,0.017202,0.040661538
J/N16_J1024_K10_A20_D12_full_s20260822,J,J_1024,16,1024,10,20,3,12,full,build,quiet,20260822,emission_build,5,1,0,0,5.646098292,0.024596209,5.665041584,5.624928083,5.665608250,0.003603,5.645699000,0.024579000,5.664252200,1693425664,162800,1628000,16384,163840,3264800,0.247368,4.7000,1.86,1.87,0.017210,5.649549997
J/N16_J1024_K10_A20_D12_full_s20260822,J,J_1024,16,1024,10,20,3,12,full,build,quiet,20260822,emission_cache_hit,12,1,0,0,0.000258895,0.000021989,0.000283183,0.000245730,0.000269417,0.045747,0.000259000,0.000021500,0.000282500,1693425664,162800,1628000,16384,163840,3264800,0.247368,4.7000,1.86,1.87,0.017210,0.000259054
J/N16_J1024_K10_A20_D12_full_s20260822,J,J_1024,16,1024,10,20,3,12,full,cond,quiet,20260822,cond_plain,18,0,0,0,0.534547646,0.048614198,0.617272421,0.530324166,0.572143125,0.039116,0.534415000,0.025228500,0.600719700,4657180672,162800,1628000,16384,163840,3264800,0.247368,4.7000,1.98,1.70,0.017291,0.532373986
J/N16_J1024_K10_A20_D12_full_s20260822,J,J_1024,16,1024,10,20,3,12,full,cond,quiet,20260822,cond_structural,5,1,0,0,6.264084708,0.076258749,6.311916666,6.204082208,6.325606083,0.009700,6.222744000,0.055809000,6.271922600,4657180672,162800,1628000,16384,163840,3264800,0.247368,4.7000,1.98,1.70,0.017291,6.238612728
J/N16_J1024_K10_A20_D12_full_s20260822,J,J_1024,16,1024,10,20,3,12,full,marg,quiet,20260822,marg_plain,21,0,0,0,0.544128250,0.128548250,0.907138583,0.535741583,0.589166458,0.049092,0.541836000,0.087606000,0.726057000,4757340160,162800,1628000,16384,163840,3264800,0.247368,4.7000,1.55,1.86,0.017249,0.543254849
J/N16_J1024_K10_A20_D12_full_s20260822,J,J_1024,16,1024,10,20,3,12,full,marg,quiet,20260822,marg_structural,5,1,0,0,7.181998792,0.162869167,7.388208375,7.009213792,7.449078042,0.030623,7.016512000,0.095263000,7.117182200,4757340160,162800,1628000,16384,163840,3264800,0.247368,4.7000,1.55,1.86,0.017249,7.170470687
J/N16_J1024_K10_A20_D12_full_s20260822,J,J_1024,16,1024,10,20,3,12,full,primitives,quiet,20260822,backward_sample,5,1,0,0,0.155316541,0.000196791,0.155429625,0.153849833,0.155453958,0.005164,0.155317000,0.000192000,0.155414200,3023908864,162800,1628000,16384,163840,3264800,0.247368,4.7000,1.88,1.98,0.017333,0.154312389
J/N16_J1024_K10_A20_D12_full_s20260822,J,J_1024,16,1024,10,20,3,12,full,primitives,quiet,20260822,ffbs_complete,5,1,0,0,0.476168834,0.001936792,0.477501625,0.474523792,0.477914209,0.003560,0.476131000,0.002047000,0.477483800,3023908864,162800,1628000,16384,163840,3264800,0.247368,4.7000,1.88,1.98,0.017333,0.473090309
J/N16_J1024_K10_A20_D12_full_s20260822,J,J_1024,16,1024,10,20,3,12,full,primitives,quiet,20260822,forward_batched,5,1,0,0,0.323005833,0.000962583,0.323727408,0.321834500,0.323822875,0.003078,0.322989000,0.001001000,0.323705200,3023908864,162800,1628000,16384,163840,3264800,0.247368,4.7000,1.88,1.98,0.017333,0.320917537
J/N16_J192_K10_A20_D12_full_s20260822,J,J_192,16,192,10,20,3,12,full,build,quiet,20260822,emission_build,15,0,0,0,1.017771709,0.009497250,1.028301459,1.015472959,1.022148541,0.003280,1.017755000,0.009496000,1.028225200,232812544,29680,296800,3072,30720,602400,0.247368,4.7000,1.60,1.81,0.017348,1.010295391
J/N16_J192_K10_A20_D12_full_s20260822,J,J_192,16,192,10,20,3,12,full,build,quiet,20260822,emission_cache_hit,15,0,0,0,0.000251667,0.000008959,0.000268984,0.000247541,0.000259833,0.024421,0.000251000,0.000009000,0.000268400,232812544,29680,296800,3072,30720,602400,0.247368,4.7000,1.60,1.81,0.017348,0.000249818
J/N16_J192_K10_A20_D12_full_s20260822,J,J_192,16,192,10,20,3,12,full,cond,quiet,20260822,cond_plain,15,0,0,0,0.069187875,0.000805980,0.069798217,0.068798208,0.069677667,0.006356,0.069177000,0.000795000,0.069778200,485658624,29680,296800,3072,30720,602400,0.247368,4.7000,1.74,1.63,0.017206,0.069248947
J/N16_J192_K10_A20_D12_full_s20260822,J,J_192,16,192,10,20,3,12,full,cond,quiet,20260822,cond_structural,15,0,0,0,1.085727959,0.006465979,1.091550158,1.083952458,1.091112667,0.003297,1.085582000,0.006425000,1.091451400,485658624,29680,296800,3072,30720,602400,0.247368,4.7000,1.74,1.63,0.017206,1.086686328
J/N16_J192_K10_A20_D12_full_s20260822,J,J_192,16,192,10,20,3,12,full,marg,quiet,20260822,marg_plain,15,0,0,0,0.070441458,0.000631605,0.070850392,0.070090541,0.070772833,0.004843,0.070442000,0.000631000,0.070848600,581648384,29680,296800,3072,30720,602400,0.247368,4.7000,1.63,1.57,0.017199,0.070530626
J/N16_J192_K10_A20_D12_full_s20260822,J,J_192,16,192,10,20,3,12,full,marg,quiet,20260822,marg_structural,15,0,0,0,1.141788084,0.004534792,1.148918925,1.139533541,1.144804792,0.002308,1.141681000,0.004505500,1.148823200,581648384,29680,296800,3072,30720,602400,0.247368,4.7000,1.63,1.57,0.017199,1.143233408
J/N16_J192_K10_A20_D12_full_s20260822,J,J_192,16,192,10,20,3,12,full,primitives,quiet,20260822,backward_sample,15,0,0,0,0.029185209,0.000294771,0.029407983,0.029046250,0.029354125,0.005275,0.029185000,0.000295500,0.029407200,274223104,29680,296800,3072,30720,602400,0.247368,4.7000,1.81,1.74,0.017221,0.029185456
J/N16_J192_K10_A20_D12_full_s20260822,J,J_192,16,192,10,20,3,12,full,primitives,quiet,20260822,ffbs_complete,15,0,0,0,0.051952500,0.000323645,0.052383842,0.051828042,0.052178416,0.003372,0.051951000,0.000327500,0.052380200,274223104,29680,296800,3072,30720,602400,0.247368,4.7000,1.81,1.74,0.017221,0.051952939
J/N16_J192_K10_A20_D12_full_s20260822,J,J_192,16,192,10,20,3,12,full,primitives,quiet,20260822,forward_batched,15,0,0,0,0.022768833,0.000133249,0.022882259,0.022620209,0.022794708,0.003832,0.022769000,0.000133000,0.022882000,274223104,29680,296800,3072,30720,602400,0.247368,4.7000,1.81,1.74,0.017221,0.022769025
J/N16_J24_K10_A20_D12_full_s20260822,J,J_24,16,24,10,20,3,12,full,build,quiet,20260822,emission_build,15,0,0,0,0.137924917,0.001892937,0.139424591,0.136904542,0.138895750,0.007218,0.137888000,0.001786500,0.139336400,117878784,2800,28000,384,3840,64800,0.247368,4.7000,2.02,2.25,0.017258,0.137632042
J/N16_J24_K10_A20_D12_full_s20260822,J,J_24,16,24,10,20,3,12,full,build,quiet,20260822,emission_cache_hit,15,0,0,0,0.000267208,0.000010458,0.000284767,0.000262833,0.000269250,0.012007,0.000267000,0.000011000,0.000283600,117878784,2800,28000,384,3840,64800,0.247368,4.7000,2.02,2.25,0.017258,0.000266641
J/N16_J24_K10_A20_D12_full_s20260822,J,J_24,16,24,10,20,3,12,full,cond,quiet,20260822,cond_plain,15,0,0,0,0.012701500,0.000229271,0.012799625,0.012570333,0.012768583,0.007804,0.012684000,0.000218500,0.012798200,126803968,2800,28000,384,3840,64800,0.247368,4.7000,2.11,2.10,0.017230,0.012694666
J/N16_J24_K10_A20_D12_full_s20260822,J,J_24,16,24,10,20,3,12,full,cond,quiet,20260822,cond_structural,15,0,0,0,0.150300916,0.000838708,0.151134283,0.149903000,0.150919292,0.003381,0.150266000,0.000839500,0.151065400,126803968,2800,28000,384,3840,64800,0.247368,4.7000,2.11,2.10,0.017230,0.150220049
J/N16_J24_K10_A20_D12_full_s20260822,J,J_24,16,24,10,20,3,12,full,marg,quiet,20260822,marg_plain,15,0,0,0,0.012512167,0.000113146,0.012779816,0.012417625,0.012536958,0.004769,0.012506000,0.000106500,0.012759400,125358080,2800,28000,384,3840,64800,0.247368,4.7000,2.10,2.02,0.017491,0.012319301
J/N16_J24_K10_A20_D12_full_s20260822,J,J_24,16,24,10,20,3,12,full,marg,quiet,20260822,marg_structural,15,0,0,0,0.156642709,0.001187397,0.157473725,0.155796333,0.157188917,0.004445,0.156593000,0.001149000,0.157413200,125358080,2800,28000,384,3840,64800,0.247368,4.7000,2.10,2.02,0.017491,0.154228177
J/N16_J24_K10_A20_D12_full_s20260822,J,J_24,16,24,10,20,3,12,full,primitives,quiet,20260822,backward_sample,15,0,0,0,0.003404792,0.000074667,0.003465816,0.003364959,0.003458083,0.013675,0.003404000,0.000073500,0.003465600,117854208,2800,28000,384,3840,64800,0.247368,4.7000,2.04,2.11,0.017353,0.003378897
J/N16_J24_K10_A20_D12_full_s20260822,J,J_24,16,24,10,20,3,12,full,primitives,quiet,20260822,ffbs_complete,15,0,0,0,0.005305916,0.000098751,0.005430975,0.005248875,0.005328334,0.007488,0.005306000,0.000097500,0.005413200,117854208,2800,28000,384,3840,64800,0.247368,4.7000,2.04,2.11,0.017353,0.005265562
J/N16_J24_K10_A20_D12_full_s20260822,J,J_24,16,24,10,20,3,12,full,primitives,quiet,20260822,forward_batched,15,0,0,0,0.001903750,0.000067104,0.001988533,0.001862958,0.001919666,0.014894,0.001902000,0.000067000,0.001987600,117854208,2800,28000,384,3840,64800,0.247368,4.7000,2.04,2.11,0.017353,0.001889271
J/N16_J384_K10_A20_D12_full_s20260822,J,J_384,16,384,10,20,3,12,full,build,quiet,20260822,emission_build,15,0,0,0,2.122346833,0.007358542,2.135197542,2.121239791,2.128545209,0.001721,2.122154000,0.007431500,2.135044800,458633216,60400,604000,6144,61440,1216800,0.247368,4.7000,1.51,1.56,0.017205,2.124374557
J/N16_J384_K10_A20_D12_full_s20260822,J,J_384,16,384,10,20,3,12,full,build,quiet,20260822,emission_cache_hit,15,0,0,0,0.000254125,0.000011605,0.000280033,0.000250417,0.000262292,0.023364,0.000253000,0.000011500,0.000279200,458633216,60400,604000,6144,61440,1216800,0.247368,4.7000,1.51,1.56,0.017205,0.000254368
J/N16_J384_K10_A20_D12_full_s20260822,J,J_384,16,384,10,20,3,12,full,cond,quiet,20260822,cond_plain,15,0,0,0,0.141699833,0.001029438,0.142761600,0.141351958,0.142300964,0.003349,0.141696000,0.001031000,0.142744400,1453662208,60400,604000,6144,61440,1216800,0.247368,4.7000,1.55,1.49,0.017240,0.141542472
J/N16_J384_K10_A20_D12_full_s20260822,J,J_384,16,384,10,20,3,12,full,cond,quiet,20260822,cond_structural,15,0,0,0,2.175990791,0.014033729,2.189321500,2.167278042,2.182636500,0.003529,2.175889000,0.014043500,2.189144400,1453662208,60400,604000,6144,61440,1216800,0.247368,4.7000,1.55,1.49,0.017240,2.173574310
J/N16_J384_K10_A20_D12_full_s20260822,J,J_384,16,384,10,20,3,12,full,marg,quiet,20260822,marg_plain,15,0,0,0,0.141506000,0.000811083,0.142027333,0.140948375,0.141871000,0.003260,0.141493000,0.000805500,0.142019800,1468465152,60400,604000,6144,61440,1216800,0.247368,4.7000,1.49,1.38,0.017196,0.141708466
J/N16_J384_K10_A20_D12_full_s20260822,J,J_384,16,384,10,20,3,12,full,marg,quiet,20260822,marg_structural,15,0,0,0,2.355469667,0.008648229,2.366733067,2.351992417,2.360744708,0.001858,2.355241000,0.008558000,2.366528000,1468465152,60400,604000,6144,61440,1216800,0.247368,4.7000,1.49,1.38,0.017196,2.358839863
J/N16_J384_K10_A20_D12_full_s20260822,J,J_384,16,384,10,20,3,12,full,primitives,quiet,20260822,backward_sample,15,0,0,0,0.056640250,0.000423959,0.057185150,0.056536834,0.056955792,0.003698,0.056624000,0.000433500,0.057183400,609681408,60400,604000,6144,61440,1216800,0.247368,4.7000,1.47,1.55,0.017214,0.056664584
J/N16_J384_K10_A20_D12_full_s20260822,J,J_384,16,384,10,20,3,12,full,primitives,quiet,20260822,ffbs_complete,15,0,0,0,0.116515042,0.000583229,0.117134675,0.116220459,0.116917542,0.002991,0.116510000,0.000578000,0.117117200,609681408,60400,604000,6144,61440,1216800,0.247368,4.7000,1.47,1.55,0.017214,0.116565101
J/N16_J384_K10_A20_D12_full_s20260822,J,J_384,16,384,10,20,3,12,full,primitives,quiet,20260822,forward_batched,15,0,0,0,0.059878625,0.000888084,0.061071008,0.059752458,0.060732625,0.008185,0.059878000,0.000878000,0.061061000,609681408,60400,604000,6144,61440,1216800,0.247368,4.7000,1.47,1.55,0.017214,0.059904351
J/N16_J48_K10_A20_D12_full_s20260822,J,J_48,16,48,10,20,3,12,full,build,quiet,20260822,emission_build,15,0,0,0,0.263867500,0.003224501,0.266239367,0.262932666,0.266226584,0.006242,0.263858000,0.003185000,0.266212000,128401408,6640,66400,768,7680,141600,0.247368,4.7000,2.08,1.99,0.017211,0.264019226
J/N16_J48_K10_A20_D12_full_s20260822,J,J_48,16,48,10,20,3,12,full,build,quiet,20260822,emission_cache_hit,15,0,0,0,0.000253333,0.000010771,0.000264608,0.000251208,0.000261875,0.021053,0.000252000,0.000010000,0.000264400,128401408,6640,66400,768,7680,141600,0.247368,4.7000,2.08,1.99,0.017211,0.000253479
J/N16_J48_K10_A20_D12_full_s20260822,J,J_48,16,48,10,20,3,12,full,cond,quiet,20260822,cond_plain,15,0,0,0,0.021412209,0.000177042,0.021620742,0.021312875,0.021460148,0.003439,0.021411000,0.000174000,0.021615200,161652736,6640,66400,768,7680,141600,0.247368,4.7000,2.03,2.09,0.017229,0.021402034
J/N16_J48_K10_A20_D12_full_s20260822,J,J_48,16,48,10,20,3,12,full,cond,quiet,20260822,cond_structural,15,0,0,0,0.299635083,0.002565687,0.301293950,0.297876375,0.300189893,0.003861,0.299628000,0.002566000,0.301280200,161652736,6640,66400,768,7680,141600,0.247368,4.7000,2.03,2.09,0.017229,0.299492693
J/N16_J48_K10_A20_D12_full_s20260822,J,J_48,16,48,10,20,3,12,full,marg,quiet,20260822,marg_plain,15,0,0,0,0.021495792,0.000342292,0.021698575,0.021260792,0.021589792,0.007653,0.021496000,0.000343000,0.021695000,165826560,6640,66400,768,7680,141600,0.247368,4.7000,2.09,2.08,0.017223,0.021492906
J/N16_J48_K10_A20_D12_full_s20260822,J,J_48,16,48,10,20,3,12,full,marg,quiet,20260822,marg_structural,15,0,0,0,0.302090375,0.001803146,0.304109558,0.301488417,0.302545667,0.001750,0.302087000,0.001757500,0.303818800,165826560,6640,66400,768,7680,141600,0.247368,4.7000,2.09,2.08,0.017223,0.302049815
J/N16_J48_K10_A20_D12_full_s20260822,J,J_48,16,48,10,20,3,12,full,primitives,quiet,20260822,backward_sample,15,0,0,0,0.006816041,0.000106292,0.006915625,0.006780750,0.006905750,0.009170,0.006815000,0.000106500,0.006914800,135835648,6640,66400,768,7680,141600,0.247368,4.7000,1.99,1.99,0.017238,0.006809426
J/N16_J48_K10_A20_D12_full_s20260822,J,J_48,16,48,10,20,3,12,full,primitives,quiet,20260822,ffbs_complete,15,0,0,0,0.010578500,0.000069876,0.010685400,0.010534500,0.010589750,0.002611,0.010578000,0.000070000,0.010679200,135835648,6640,66400,768,7680,141600,0.247368,4.7000,1.99,1.99,0.017238,0.010568233
J/N16_J48_K10_A20_D12_full_s20260822,J,J_48,16,48,10,20,3,12,full,primitives,quiet,20260822,forward_batched,15,0,0,0,0.003880000,0.000030166,0.003893008,0.003858125,0.003886166,0.003614,0.003880000,0.000030000,0.003892600,135835648,6640,66400,768,7680,141600,0.247368,4.7000,1.99,1.99,0.017238,0.003876234
J/N16_J768_K10_A20_D12_full_s20260822,J,J_768,16,768,10,20,3,12,full,build,quiet,20260822,emission_build,5,1,0,0,4.117154292,0.014587750,4.125735400,4.087532667,4.127934750,0.004907,4.116894000,0.010584000,4.123772600,1047064576,121840,1218400,12288,122880,2445600,0.247368,4.7000,1.32,1.51,0.017233,4.114232564
J/N16_J768_K10_A20_D12_full_s20260822,J,J_768,16,768,10,20,3,12,full,build,quiet,20260822,emission_cache_hit,7,1,0,0,0.000256334,0.000015604,0.000290708,0.000244083,0.000268208,0.047058,0.000255000,0.000017000,0.000290400,1047064576,121840,1218400,12288,122880,2445600,0.247368,4.7000,1.32,1.51,0.017233,0.000256152
J/N16_J768_K10_A20_D12_full_s20260822,J,J_768,16,768,10,20,3,12,full,cond,quiet,20260822,cond_plain,5,1,0,0,0.351142917,0.001842584,0.352485150,0.349048208,0.352613083,0.005076,0.351121000,0.001806000,0.352441800,3412897792,121840,1218400,12288,122880,2445600,0.247368,4.7000,1.44,1.28,0.017269,0.350172403
J/N16_J768_K10_A20_D12_full_s20260822,J,J_768,16,768,10,20,3,12,full,cond,quiet,20260822,cond_structural,5,1,0,0,4.431523291,0.005705417,4.435840400,4.420203667,4.436349500,0.001822,4.430925000,0.002180000,4.433964400,3412897792,121840,1218400,12288,122880,2445600,0.247368,4.7000,1.44,1.28,0.017269,4.419275128
J/N16_J768_K10_A20_D12_full_s20260822,J,J_768,16,768,10,20,3,12,full,marg,quiet,20260822,marg_plain,5,1,0,0,0.353166959,0.002315834,0.355674650,0.350129584,0.356013000,0.008330,0.353150000,0.002333000,0.355640400,4374667264,121840,1218400,12288,122880,2445600,0.247368,4.7000,1.28,1.35,0.017182,0.353975888
J/N16_J768_K10_A20_D12_full_s20260822,J,J_768,16,768,10,20,3,12,full,marg,quiet,20260822,marg_structural,5,1,0,0,5.367050875,0.014708042,5.405023550,5.354611209,5.425976833,0.006648,5.366493000,0.009144000,5.384959800,4374667264,121840,1218400,12288,122880,2445600,0.247368,4.7000,1.28,1.35,0.017182,5.379344101
J/N16_J768_K10_A20_D12_full_s20260822,J,J_768,16,768,10,20,3,12,full,primitives,quiet,20260822,backward_sample,5,1,0,0,0.117986250,0.000591459,0.118752242,0.117880334,0.118938375,0.004484,0.117982000,0.000590000,0.118748000,1793150976,121840,1218400,12288,122880,2445600,0.247368,4.7000,1.51,1.39,0.017224,0.117963559
J/N16_J768_K10_A20_D12_full_s20260822,J,J_768,16,768,10,20,3,12,full,primitives,quiet,20260822,ffbs_complete,5,1,0,0,0.315926666,0.002490458,0.317064434,0.313550042,0.317352834,0.006018,0.315872000,0.002457000,0.317015800,1793150976,121840,1218400,12288,122880,2445600,0.247368,4.7000,1.51,1.39,0.017224,0.315865908
J/N16_J768_K10_A20_D12_full_s20260822,J,J_768,16,768,10,20,3,12,full,primitives,quiet,20260822,forward_batched,5,1,0,0,0.193284625,0.002557791,0.196842025,0.192496958,0.197597875,0.013195,0.193273000,0.002534000,0.196822800,1793150976,121840,1218400,12288,122880,2445600,0.247368,4.7000,1.51,1.39,0.017224,0.193247453
J/N16_J96_K10_A20_D12_full_s20260822,J,J_96,16,96,10,20,3,12,full,build,quiet,20260822,emission_build,15,0,0,0,0.530992667,0.006510395,0.536524392,0.528625792,0.535367250,0.006348,0.530987000,0.006489000,0.536458200,156934144,14320,143200,1536,15360,295200,0.247368,4.7000,1.35,1.29,0.017203,0.531538636
J/N16_J96_K10_A20_D12_full_s20260822,J,J_96,16,96,10,20,3,12,full,build,quiet,20260822,emission_cache_hit,15,0,0,0,0.000250792,0.000009646,0.000258650,0.000247250,0.000255167,0.015784,0.000250000,0.000010000,0.000258000,156934144,14320,143200,1536,15360,295200,0.247368,4.7000,1.35,1.29,0.017203,0.000251050
J/N16_J96_K10_A20_D12_full_s20260822,J,J_96,16,96,10,20,3,12,full,cond,quiet,20260822,cond_plain,15,0,0,0,0.038225583,0.000307291,0.038566808,0.038035542,0.038338458,0.003962,0.038220000,0.000303500,0.038539600,244060160,14320,143200,1536,15360,295200,0.247368,4.7000,1.51,1.40,0.017194,0.038286307
J/N16_J96_K10_A20_D12_full_s20260822,J,J_96,16,96,10,20,3,12,full,cond,quiet,20260822,cond_structural,15,0,0,0,0.575542791,0.008233104,0.582907025,0.569445834,0.577896625,0.007342,0.575528000,0.008240000,0.582885400,244060160,14320,143200,1536,15360,295200,0.247368,4.7000,1.51,1.40,0.017194,0.576457086
J/N16_J96_K10_A20_D12_full_s20260822,J,J_96,16,96,10,20,3,12,full,marg,quiet,20260822,marg_plain,15,0,0,0,0.037813291,0.000362021,0.038207466,0.037551375,0.037919917,0.004873,0.037814000,0.000359000,0.038203400,248778752,14320,143200,1536,15360,295200,0.247368,4.7000,1.34,1.35,0.017226,0.037802270
J/N16_J96_K10_A20_D12_full_s20260822,J,J_96,16,96,10,20,3,12,full,marg,quiet,20260822,marg_structural,15,0,0,0,0.600405792,0.007921062,0.607426709,0.596695792,0.605467446,0.007305,0.600383000,0.007930000,0.607369400,248778752,14320,143200,1536,15360,295200,0.247368,4.7000,1.34,1.35,0.017226,0.600230804
J/N16_J96_K10_A20_D12_full_s20260822,J,J_96,16,96,10,20,3,12,full,primitives,quiet,20260822,backward_sample,15,0,0,0,0.013666291,0.000092854,0.013733242,0.013628250,0.013690417,0.002274,0.013666000,0.000093000,0.013732200,165662720,14320,143200,1536,15360,295200,0.247368,4.7000,1.51,1.51,0.017204,0.013679514
J/N16_J96_K10_A20_D12_full_s20260822,J,J_96,16,96,10,20,3,12,full,primitives,quiet,20260822,ffbs_complete,15,0,0,0,0.022514375,0.000187062,0.022612717,0.022409167,0.022548250,0.003089,0.022512000,0.000187500,0.022593000,165662720,14320,143200,1536,15360,295200,0.247368,4.7000,1.51,1.51,0.017204,0.022536159
J/N16_J96_K10_A20_D12_full_s20260822,J,J_96,16,96,10,20,3,12,full,primitives,quiet,20260822,forward_batched,15,0,0,0,0.008824416,0.000106854,0.008929209,0.008769917,0.008869208,0.005626,0.008825000,0.000107500,0.008919200,165662720,14320,143200,1536,15360,295200,0.247368,4.7000,1.51,1.51,0.017204,0.008832954
K/N32_J128_K10_A20_D12_full_s20260822,K,K_10,32,128,10,20,3,12,full,build,quiet,20260822,emission_build,15,0,0,0,1.341138417,0.010791500,1.347436292,1.334196334,1.345355208,0.004160,1.341064000,0.010804500,1.347339800,243871744,38880,388800,4096,40960,795200,0.247368,4.7000,1.38,1.44,0.017208,1.342188998
K/N32_J128_K10_A20_D12_full_s20260822,K,K_10,32,128,10,20,3,12,full,build,quiet,20260822,emission_cache_hit,15,0,0,0,0.000255208,0.000008333,0.000270759,0.000250709,0.000259750,0.017713,0.000255000,0.000009000,0.000270200,243871744,38880,388800,4096,40960,795200,0.247368,4.7000,1.38,1.44,0.017208,0.000255408
K/N32_J128_K10_A20_D12_full_s20260822,K,K_10,32,128,10,20,3,12,full,cond,quiet,20260822,cond_plain,15,0,0,0,0.082190916,0.001411771,0.082466508,0.080903041,0.082303333,0.008519,0.082189000,0.001407500,0.082450800,488509440,38880,388800,4096,40960,795200,0.247368,4.7000,1.40,1.35,0.017193,0.082326271
K/N32_J128_K10_A20_D12_full_s20260822,K,K_10,32,128,10,20,3,12,full,cond,quiet,20260822,cond_structural,15,0,0,0,1.387582084,0.009256396,1.397258600,1.385797167,1.395094833,0.003350,1.387522000,0.009169000,1.397120600,488509440,38880,388800,4096,40960,795200,0.247368,4.7000,1.40,1.35,0.017193,1.389867204
K/N32_J128_K10_A20_D12_full_s20260822,K,K_10,32,128,10,20,3,12,full,marg,quiet,20260822,marg_plain,15,0,0,0,0.080839041,0.000525521,0.081479475,0.080670917,0.081431750,0.004706,0.080839000,0.000530500,0.081477600,572833792,38880,388800,4096,40960,795200,0.247368,4.7000,1.41,1.38,0.017182,0.081020077
K/N32_J128_K10_A20_D12_full_s20260822,K,K_10,32,128,10,20,3,12,full,marg,quiet,20260822,marg_structural,15,0,0,0,1.470252000,0.008613187,1.476816958,1.465649750,1.472327639,0.002271,1.470202000,0.008585500,1.476735400,572833792,38880,388800,4096,40960,795200,0.247368,4.7000,1.41,1.38,0.017182,1.473544569
K/N32_J128_K10_A20_D12_full_s20260822,K,K_10,32,128,10,20,3,12,full,primitives,quiet,20260822,backward_sample,15,0,0,0,0.037497166,0.000322166,0.037673450,0.037289250,0.037622625,0.004445,0.037479000,0.000322500,0.037670000,278212608,38880,388800,4096,40960,795200,0.247368,4.7000,1.44,1.48,0.017211,0.037518727
K/N32_J128_K10_A20_D12_full_s20260822,K,K_10,32,128,10,20,3,12,full,primitives,quiet,20260822,ffbs_complete,15,0,0,0,0.059205667,0.000603667,0.059942675,0.059039958,0.059637375,0.005045,0.059201000,0.000597000,0.059928600,278212608,38880,388800,4096,40960,795200,0.247368,4.7000,1.44,1.48,0.017211,0.059239711
K/N32_J128_K10_A20_D12_full_s20260822,K,K_10,32,128,10,20,3,12,full,primitives,quiet,20260822,forward_batched,15,0,0,0,0.021708375,0.000138938,0.021904883,0.021606916,0.021757666,0.003472,0.021708000,0.000138500,0.021892400,278212608,38880,388800,4096,40960,795200,0.247368,4.7000,1.44,1.48,0.017211,0.021720857
K/N32_J128_K20_A20_D12_full_s20260822,K,K_20,32,128,20,20,3,12,full,build,quiet,20260822,emission_build,15,0,0,0,2.652363041,0.013695541,2.661651750,2.640377125,2.656299250,0.003001,2.652150000,0.013758000,2.661541000,306974720,38880,777600,4096,81920,2409600,0.259605,4.9325,1.72,1.85,0.017208,2.654421487
K/N32_J128_K20_A20_D12_full_s20260822,K,K_20,32,128,20,20,3,12,full,build,quiet,20260822,emission_cache_hit,15,0,0,0,0.000424083,0.000014396,0.000467391,0.000422667,0.000440000,0.020436,0.000423000,0.000015500,0.000466600,306974720,38880,777600,4096,81920,2409600,0.259605,4.9325,1.72,1.85,0.017208,0.000424412
K/N32_J128_K20_A20_D12_full_s20260822,K,K_20,32,128,20,20,3,12,full,cond,quiet,20260822,cond_plain,15,0,0,0,0.141902125,0.002181813,0.143801233,0.140708208,0.143003500,0.008088,0.141894000,0.002164500,0.143797000,861614080,38880,777600,4096,81920,2409600,0.259605,4.9325,1.72,1.64,0.017188,0.142175086
K/N32_J128_K20_A20_D12_full_s20260822,K,K_20,32,128,20,20,3,12,full,cond,quiet,20260822,cond_structural,15,0,0,0,2.844218125,0.026281917,2.866370658,2.822721333,2.852811167,0.005290,2.844044000,0.026260500,2.866204200,861614080,38880,777600,4096,81920,2409600,0.259605,4.9325,1.72,1.64,0.017188,2.849689233
K/N32_J128_K20_A20_D12_full_s20260822,K,K_20,32,128,20,20,3,12,full,marg,quiet,20260822,marg_plain,15,0,0,0,0.142639000,0.001395396,0.143745383,0.141804292,0.142932709,0.003955,0.142633000,0.001395500,0.143720800,916463616,38880,777600,4096,81920,2409600,0.259605,4.9325,1.68,1.72,0.017209,0.142736908
K/N32_J128_K20_A20_D12_full_s20260822,K,K_20,32,128,20,20,3,12,full,marg,quiet,20260822,marg_structural,15,0,0,0,2.917596417,0.006179520,2.926256792,2.914484208,2.919119500,0.000794,2.917363000,0.006146500,2.926000200,916463616,38880,777600,4096,81920,2409600,0.259605,4.9325,1.68,1.72,0.017209,2.919599076
K/N32_J128_K20_A20_D12_full_s20260822,K,K_20,32,128,20,20,3,12,full,primitives,quiet,20260822,backward_sample,15,0,0,0,0.071871875,0.001014437,0.072489450,0.071270167,0.072258958,0.006879,0.071861000,0.001005000,0.072471600,384438272,38880,777600,4096,81920,2409600,0.259605,4.9325,1.85,1.72,0.017281,0.071621731
K/N32_J128_K20_A20_D12_full_s20260822,K,K_20,32,128,20,20,3,12,full,primitives,quiet,20260822,ffbs_complete,15,0,0,0,0.112087333,0.000951167,0.112970067,0.111862500,0.112822291,0.004281,0.112068000,0.000944000,0.112954000,384438272,38880,777600,4096,81920,2409600,0.259605,4.9325,1.85,1.72,0.017281,0.111697223
K/N32_J128_K20_A20_D12_full_s20260822,K,K_20,32,128,20,20,3,12,full,primitives,quiet,20260822,forward_batched,15,0,0,0,0.040407833,0.000507771,0.041314675,0.040352000,0.040893625,0.006702,0.040404000,0.000518500,0.041291600,384438272,38880,777600,4096,81920,2409600,0.259605,4.9325,1.85,1.72,0.017281,0.040267197
K/N32_J128_K3_A20_D12_full_s20260822,K,K_3,32,128,3,20,3,12,full,build,quiet,20260822,emission_build,15,0,0,0,0.414326916,0.002371583,0.417226891,0.413367791,0.415931416,0.003094,0.414179000,0.002387000,0.417054800,207355904,38880,116640,4096,12288,152544,0.215789,4.1000,2.25,2.06,0.017248,0.413670857
K/N32_J128_K3_A20_D12_full_s20260822,K,K_3,32,128,3,20,3,12,full,build,quiet,20260822,emission_cache_hit,15,0,0,0,0.000147750,0.000013521,0.000156633,0.000138459,0.000151958,0.045682,0.000146000,0.000013500,0.000155400,207355904,38880,116640,4096,12288,152544,0.215789,4.1000,2.25,2.06,0.017248,0.000147516
K/N32_J128_K3_A20_D12_full_s20260822,K,K_3,32,128,3,20,3,12,full,cond,quiet,20260822,cond_plain,15,0,0,0,0.038308083,0.000972000,0.039234433,0.037972208,0.038878417,0.011828,0.038308000,0.000941500,0.039141400,284917760,38880,116640,4096,12288,152544,0.215789,4.1000,2.06,2.12,0.017235,0.038277939
K/N32_J128_K3_A20_D12_full_s20260822,K,K_3,32,128,3,20,3,12,full,cond,quiet,20260822,cond_structural,15,0,0,0,0.441453125,0.001794458,0.443762808,0.440679417,0.441985625,0.001479,0.441248000,0.001829500,0.443628000,284917760,38880,116640,4096,12288,152544,0.215789,4.1000,2.06,2.12,0.017235,0.441105755
K/N32_J128_K3_A20_D12_full_s20260822,K,K_3,32,128,3,20,3,12,full,marg,quiet,20260822,marg_plain,15,0,0,0,0.038518125,0.000301062,0.038955950,0.038357542,0.038628916,0.003523,0.038515000,0.000301000,0.038939600,282066944,38880,116640,4096,12288,152544,0.215789,4.1000,2.12,1.95,0.017222,0.038516122
K/N32_J128_K3_A20_D12_full_s20260822,K,K_3,32,128,3,20,3,12,full,marg,quiet,20260822,marg_structural,15,0,0,0,0.486695083,0.003047541,0.490066516,0.484659042,0.488193583,0.003631,0.486534000,0.003061500,0.489841000,282066944,38880,116640,4096,12288,152544,0.215789,4.1000,2.12,1.95,0.017222,0.486669776
K/N32_J128_K3_A20_D12_full_s20260822,K,K_3,32,128,3,20,3,12,full,primitives,quiet,20260822,backward_sample,15,0,0,0,0.015561459,0.000187916,0.015830175,0.015541125,0.015735458,0.006244,0.015561000,0.000164500,0.015828400,197107712,38880,116640,4096,12288,152544,0.215789,4.1000,2.06,2.06,0.017220,0.015562080
K/N32_J128_K3_A20_D12_full_s20260822,K,K_3,32,128,3,20,3,12,full,primitives,quiet,20260822,ffbs_complete,15,0,0,0,0.026687959,0.000328208,0.027137742,0.026580833,0.026906833,0.006108,0.026687000,0.000337500,0.027113000,197107712,38880,116640,4096,12288,152544,0.215789,4.1000,2.06,2.06,0.017220,0.026689024
K/N32_J128_K3_A20_D12_full_s20260822,K,K_3,32,128,3,20,3,12,full,primitives,quiet,20260822,forward_batched,15,0,0,0,0.010713791,0.000148875,0.011024383,0.010687583,0.010863458,0.008208,0.010714000,0.000149500,0.010991000,197107712,38880,116640,4096,12288,152544,0.215789,4.1000,2.06,2.06,0.017220,0.010714219
K/N32_J128_K40_A20_D12_full_s20260822,K,K_40,32,128,40,20,3,12,full,build,quiet,20260822,emission_build,5,1,0,0,5.361521833,0.019156541,5.401304033,5.341796500,5.417930750,0.007100,5.360870000,0.019107000,5.400895200,428281856,38880,1555200,4096,163840,8096000,0.260855,4.9562,1.56,1.56,0.017201,5.367788415
K/N32_J128_K40_A20_D12_full_s20260822,K,K_40,32,128,40,20,3,12,full,build,quiet,20260822,emission_cache_hit,5,1,0,0,0.000790000,0.000016126,0.000822383,0.000766083,0.000841083,0.047468,0.000789000,0.000016000,0.000821600,428281856,38880,1555200,4096,163840,8096000,0.260855,4.9562,1.56,1.56,0.017201,0.000790923
K/N32_J128_K40_A20_D12_full_s20260822,K,K_40,32,128,40,20,3,12,full,cond,quiet,20260822,cond_plain,5,1,0,0,0.255303958,0.001050791,0.256728392,0.253718459,0.256996209,0.006419,0.255261000,0.001074000,0.256715000,1452199936,38880,1555200,4096,163840,8096000,0.260855,4.9562,1.47,1.33,0.017188,0.255790727
K/N32_J128_K40_A20_D12_full_s20260822,K,K_40,32,128,40,20,3,12,full,cond,quiet,20260822,cond_structural,5,1,0,0,5.513756625,0.071664416,5.570420375,5.467051292,5.571539041,0.009475,5.513405000,0.071521000,5.570010200,1452199936,38880,1555200,4096,163840,8096000,0.260855,4.9562,1.47,1.33,0.017188,5.524269300
K/N32_J128_K40_A20_D12_full_s20260822,K,K_40,32,128,40,20,3,12,full,marg,quiet,20260822,marg_plain,5,1,0,0,0.262959916,0.002148916,0.264483350,0.260520542,0.264654084,0.007860,0.262949000,0.002135000,0.264443000,1535213568,38880,1555200,4096,163840,8096000,0.260855,4.9562,1.33,1.18,0.017267,0.262266024
K/N32_J128_K40_A20_D12_full_s20260822,K,K_40,32,128,40,20,3,12,full,marg,quiet,20260822,marg_structural,5,1,0,0,5.669965750,0.064502250,5.715688575,5.632270125,5.719255458,0.007671,5.669627000,0.064310000,5.715324400,1535213568,38880,1555200,4096,163840,8096000,0.260855,4.9562,1.33,1.18,0.017267,5.655003991
K/N32_J128_K40_A20_D12_full_s20260822,K,K_40,32,128,40,20,3,12,full,primitives,quiet,20260822,backward_sample,5,1,0,0,0.130173750,0.001561543,0.132087484,0.129836750,0.132409250,0.009881,0.130163000,0.001545000,0.132055800,591360000,38880,1555200,4096,163840,8096000,0.260855,4.9562,1.56,1.47,0.017309,0.129510228
K/N32_J128_K40_A20_D12_full_s20260822,K,K_40,32,128,40,20,3,12,full,primitives,quiet,20260822,ffbs_complete,5,1,0,0,0.211989750,0.000125125,0.212422875,0.211781208,0.212650625,0.002051,0.211977000,0.000103000,0.212377000,591360000,38880,1555200,4096,163840,8096000,0.260855,4.9562,1.56,1.47,0.017309,0.210909196
K/N32_J128_K40_A20_D12_full_s20260822,K,K_40,32,128,40,20,3,12,full,primitives,quiet,20260822,forward_batched,5,1,0,0,0.080275208,0.001013666,0.081377733,0.079796958,0.081578417,0.011096,0.080275000,0.001012000,0.081377800,591360000,38880,1555200,4096,163840,8096000,0.260855,4.9562,1.56,1.47,0.017309,0.079866029
K/N32_J128_K5_A20_D12_full_s20260822,K,K_5,32,128,5,20,3,12,full,build,quiet,20260822,emission_build,15,0,0,0,0.654505708,0.003012521,0.656168966,0.651564833,0.655037416,0.002653,0.654432000,0.003035500,0.656112200,218312704,38880,194400,4096,20480,295200,0.224211,4.2600,1.56,1.58,0.017196,0.655462793
K/N32_J128_K5_A20_D12_full_s20260822,K,K_5,32,128,5,20,3,12,full,build,quiet,20260822,emission_cache_hit,15,0,0,0,0.000175541,0.000013312,0.000188891,0.000169834,0.000184541,0.041890,0.000175000,0.000013500,0.000188400,218312704,38880,194400,4096,20480,295200,0.224211,4.2600,1.56,1.58,0.017196,0.000175798
K/N32_J128_K5_A20_D12_full_s20260822,K,K_5,32,128,5,20,3,12,full,cond,quiet,20260822,cond_plain,15,0,0,0,0.050967583,0.000664063,0.051511441,0.050503708,0.051131727,0.006161,0.050965000,0.000664500,0.051501600,354803712,38880,194400,4096,20480,295200,0.224211,4.2600,1.91,1.79,0.017203,0.051020727
K/N32_J128_K5_A20_D12_full_s20260822,K,K_5,32,128,5,20,3,12,full,cond,quiet,20260822,cond_structural,15,0,0,0,0.756072125,0.003500042,0.759965150,0.755382708,0.758706375,0.002198,0.755990000,0.003463500,0.759924800,354803712,38880,194400,4096,20480,295200,0.224211,4.2600,1.91,1.79,0.017203,0.756860476
K/N32_J128_K5_A20_D12_full_s20260822,K,K_5,32,128,5,20,3,12,full,marg,quiet,20260822,marg_plain,15,0,0,0,0.050152209,0.000669479,0.051110150,0.050017750,0.050557083,0.005377,0.050153000,0.000656500,0.051080400,342700032,38880,194400,4096,20480,295200,0.224211,4.2600,1.79,1.56,0.017217,0.050164894
K/N32_J128_K5_A20_D12_full_s20260822,K,K_5,32,128,5,20,3,12,full,marg,quiet,20260822,marg_structural,15,0,0,0,0.765781208,0.005873312,0.770842542,0.764035958,0.769419959,0.003515,0.765679000,0.005834500,0.770772800,342700032,38880,194400,4096,20480,295200,0.224211,4.2600,1.79,1.56,0.017217,0.765974893
K/N32_J128_K5_A20_D12_full_s20260822,K,K_5,32,128,5,20,3,12,full,primitives,quiet,20260822,backward_sample,15,0,0,0,0.022043959,0.000314291,0.022197491,0.021852273,0.022110042,0.005847,0.022044000,0.000311500,0.022183600,226750464,38880,194400,4096,20480,295200,0.224211,4.2600,1.99,1.91,0.017203,0.022067585
K/N32_J128_K5_A20_D12_full_s20260822,K,K_5,32,128,5,20,3,12,full,primitives,quiet,20260822,ffbs_complete,15,0,0,0,0.035907334,0.000211854,0.036248458,0.035853375,0.036039458,0.002591,0.035905000,0.000211000,0.036244400,226750464,38880,194400,4096,20480,295200,0.224211,4.2600,1.99,1.91,0.017203,0.035945819
K/N32_J128_K5_A20_D12_full_s20260822,K,K_5,32,128,5,20,3,12,full,primitives,quiet,20260822,forward_batched,15,0,0,0,0.013985708,0.000504292,0.014457742,0.013840833,0.014358458,0.018505,0.013986000,0.000504000,0.014457400,226750464,38880,194400,4096,20480,295200,0.224211,4.2600,1.99,1.91,0.017203,0.014000698
K/N32_J128_K80_A20_D12_full_s20260822,K,K_80,32,128,80,20,3,12,full,build,quiet,20260822,emission_build,5,1,0,0,11.003564750,0.054939208,11.064718508,10.980715875,11.073619875,0.004222,11.002844000,0.055189000,11.063509000,659841024,38880,3110400,4096,327680,29299200,0.260724,4.9537,1.78,1.29,0.017318,10.941840585
K/N32_J128_K80_A20_D12_full_s20260822,K,K_80,32,128,80,20,3,12,full,build,quiet,20260822,emission_cache_hit,5,1,0,0,0.001446834,0.000012500,0.001494850,0.001428500,0.001522500,0.032485,0.001446000,0.000013000,0.001493400,659841024,38880,3110400,4096,327680,29299200,0.260724,4.9537,1.78,1.29,0.017318,0.001438718
K/N32_J128_K80_A20_D12_full_s20260822,K,K_80,32,128,80,20,3,12,full,cond,quiet,20260822,cond_plain,5,1,0,0,0.518258000,0.002943084,0.518850242,0.514900042,0.519052375,0.004006,0.518240000,0.002912000,0.518805200,2485919744,38880,3110400,4096,327680,29299200,0.260724,4.9537,1.34,1.61,0.017206,0.518719233
K/N32_J128_K80_A20_D12_full_s20260822,K,K_80,32,128,80,20,3,12,full,cond,quiet,20260822,cond_structural,5,1,0,0,11.022610167,0.018177750,11.043184759,11.014452958,11.049051209,0.001569,11.021708000,0.018406000,11.042448800,2485919744,38880,3110400,4096,327680,29299200,0.260724,4.9537,1.34,1.61,0.017206,11.032419942
K/N32_J128_K80_A20_D12_full_s20260822,K,K_80,32,128,80,20,3,12,full,marg,quiet,20260822,marg_plain,5,1,0,0,0.534165750,0.008910166,0.536417467,0.524171458,0.536938584,0.011951,0.534139000,0.008927000,0.536357800,2438053888,38880,3110400,4096,327680,29299200,0.260724,4.9537,1.61,1.78,0.017209,0.534537593
K/N32_J128_K80_A20_D12_full_s20260822,K,K_80,32,128,80,20,3,12,full,marg,quiet,20260822,marg_structural,5,1,0,0,11.289633875,0.032730917,11.320369875,11.221768000,11.331331125,0.004852,11.288950000,0.032911000,11.319704400,2438053888,38880,3110400,4096,327680,29299200,0.260724,4.9537,1.61,1.78,0.017209,11.297492796
K/N32_J128_K80_A20_D12_full_s20260822,K,K_80,32,128,80,20,3,12,full,primitives,quiet,20260822,backward_sample,5,1,0,0,0.253075333,0.001966084,0.255051383,0.251884167,0.255173333,0.006498,0.253061000,0.001936000,0.255027000,987672576,38880,3110400,4096,327680,29299200,0.260724,4.9537,1.39,1.34,0.017237,0.252834618
K/N32_J128_K80_A20_D12_full_s20260822,K,K_80,32,128,80,20,3,12,full,primitives,quiet,20260822,ffbs_complete,5,1,0,0,0.454932125,0.003308375,0.456893392,0.449272583,0.457114209,0.008618,0.454916000,0.003287000,0.456848200,987672576,38880,3110400,4096,327680,29299200,0.260724,4.9537,1.39,1.34,0.017237,0.454499412
K/N32_J128_K80_A20_D12_full_s20260822,K,K_80,32,128,80,20,3,12,full,primitives,quiet,20260822,forward_batched,5,1,0,0,0.202223042,0.001854167,0.203079275,0.197345500,0.203200208,0.014476,0.202223000,0.001860000,0.203064200,987672576,38880,3110400,4096,327680,29299200,0.260724,4.9537,1.39,1.34,0.017237,0.202030695
N/N128_J128_K10_A20_D12_full_s20260822,N,N_128,128,128,10,20,3,12,full,build,quiet,20260822,emission_build,15,0,0,0,5.279243333,0.019340979,5.299654842,5.275310834,5.289109167,0.001307,5.277976000,0.019389500,5.299106600,554852352,155520,1555200,16384,163840,3180800,0.247368,4.7000,1.36,1.36,0.017201,5.285477970
N/N128_J128_K10_A20_D12_full_s20260822,N,N_128,128,128,10,20,3,12,full,build,quiet,20260822,emission_cache_hit,15,0,0,0,0.000267750,0.000004791,0.000275283,0.000264459,0.000271792,0.013694,0.000267000,0.000005500,0.000274400,554852352,155520,1555200,16384,163840,3180800,0.247368,4.7000,1.36,1.36,0.017201,0.000268066
N/N128_J128_K10_A20_D12_full_s20260822,N,N_128,128,128,10,20,3,12,full,cond,quiet,20260822,cond_plain,15,0,0,0,0.268880208,0.001626396,0.269794400,0.267352958,0.269392250,0.003792,0.268872000,0.001600000,0.269768000,1564131328,155520,1555200,16384,163840,3180800,0.247368,4.7000,1.75,1.55,0.017228,0.268763477
N/N128_J128_K10_A20_D12_full_s20260822,N,N_128,128,128,10,20,3,12,full,cond,quiet,20260822,cond_structural,15,0,0,0,5.586101458,0.017262187,5.599726875,5.577932958,5.595444833,0.001567,5.585628000,0.017369500,5.599345600,1564131328,155520,1555200,16384,163840,3180800,0.247368,4.7000,1.75,1.55,0.017228,5.583676328
N/N128_J128_K10_A20_D12_full_s20260822,N,N_128,128,128,10,20,3,12,full,marg,quiet,20260822,marg_plain,15,0,0,0,0.267631250,0.002206125,0.270828666,0.265892416,0.268531875,0.004931,0.267631000,0.002216500,0.270804600,1705287680,155520,1555200,16384,163840,3180800,0.247368,4.7000,1.29,1.36,0.017201,0.267934324
N/N128_J128_K10_A20_D12_full_s20260822,N,N_128,128,128,10,20,3,12,full,marg,quiet,20260822,marg_structural,15,0,0,0,6.167247625,0.029175458,6.193816983,6.155213458,6.183462500,0.002290,6.166640000,0.029062000,6.193261800,1705287680,155520,1555200,16384,163840,3180800,0.247368,4.7000,1.29,1.36,0.017201,6.174231603
N/N128_J128_K10_A20_D12_full_s20260822,N,N_128,128,128,10,20,3,12,full,primitives,quiet,20260822,backward_sample,15,0,0,0,0.152063625,0.001412833,0.153373767,0.150594917,0.152492792,0.006240,0.152038000,0.001392000,0.153368800,692256768,155520,1555200,16384,163840,3180800,0.247368,4.7000,1.36,1.75,0.017305,0.151324589
N/N128_J128_K10_A20_D12_full_s20260822,N,N_128,128,128,10,20,3,12,full,primitives,quiet,20260822,ffbs_complete,15,0,0,0,0.225012500,0.002939854,0.226533333,0.223153250,0.226315333,0.007026,0.224997000,0.002944000,0.226507400,692256768,155520,1555200,16384,163840,3180800,0.247368,4.7000,1.36,1.75,0.017305,0.223918929
N/N128_J128_K10_A20_D12_full_s20260822,N,N_128,128,128,10,20,3,12,full,primitives,quiet,20260822,forward_batched,15,0,0,0,0.071670500,0.000823021,0.072500258,0.071439292,0.072198916,0.005299,0.071648000,0.000827500,0.072494800,692256768,155520,1555200,16384,163840,3180800,0.247368,4.7000,1.36,1.75,0.017305,0.071322178
N/N16_J128_K10_A20_D12_full_s20260822,N,N_16,16,128,10,20,3,12,full,build,quiet,20260822,emission_build,15,0,0,0,0.707858584,0.005399396,0.715126008,0.705135708,0.711616875,0.004578,0.707762000,0.005399500,0.715094800,176553984,19440,194400,2048,20480,397600,0.247368,4.7000,1.48,1.52,0.017204,0.708574380
N/N16_J128_K10_A20_D12_full_s20260822,N,N_16,16,128,10,20,3,12,full,build,quiet,20260822,emission_cache_hit,15,0,0,0,0.000257667,0.000008395,0.000280109,0.000253583,0.000258166,0.008893,0.000256000,0.000008000,0.000279600,176553984,19440,194400,2048,20480,397600,0.247368,4.7000,1.48,1.52,0.017204,0.000257928
N/N16_J128_K10_A20_D12_full_s20260822,N,N_16,16,128,10,20,3,12,full,cond,quiet,20260822,cond_plain,15,0,0,0,0.047813000,0.000327374,0.048101283,0.047687125,0.048023416,0.003517,0.047814000,0.000322000,0.048100200,304177152,19440,194400,2048,20480,397600,0.247368,4.7000,1.48,1.45,0.017221,0.047812596
N/N16_J128_K10_A20_D12_full_s20260822,N,N_16,16,128,10,20,3,12,full,cond,quiet,20260822,cond_structural,15,0,0,0,0.730824458,0.004881709,0.735664475,0.729333834,0.734865834,0.003785,0.730759000,0.004804500,0.735622800,304177152,19440,194400,2048,20480,397600,0.247368,4.7000,1.48,1.45,0.017221,0.730818283
N/N16_J128_K10_A20_D12_full_s20260822,N,N_16,16,128,10,20,3,12,full,marg,quiet,20260822,marg_plain,15,0,0,0,0.048977333,0.000565875,0.049808100,0.048810416,0.049352958,0.005539,0.048978000,0.000561000,0.049806000,366198784,19440,194400,2048,20480,397600,0.247368,4.7000,1.50,1.75,0.017227,0.048959506
N/N16_J128_K10_A20_D12_full_s20260822,N,N_16,16,128,10,20,3,12,full,marg,quiet,20260822,marg_structural,15,0,0,0,0.802308625,0.008924459,0.810406659,0.797984792,0.807614334,0.006001,0.802223000,0.008925000,0.810291000,366198784,19440,194400,2048,20480,397600,0.247368,4.7000,1.50,1.75,0.017227,0.802016595
N/N16_J128_K10_A20_D12_full_s20260822,N,N_16,16,128,10,20,3,12,full,primitives,quiet,20260822,backward_sample,15,0,0,0,0.018390250,0.000051813,0.018448158,0.018363750,0.018414875,0.001390,0.018382000,0.000049000,0.018448800,189145088,19440,194400,2048,20480,397600,0.247368,4.7000,1.52,1.48,0.017210,0.018402383
N/N16_J128_K10_A20_D12_full_s20260822,N,N_16,16,128,10,20,3,12,full,primitives,quiet,20260822,ffbs_complete,15,0,0,0,0.031107625,0.000220084,0.031164108,0.030917125,0.031142459,0.003622,0.031108000,0.000211500,0.031162000,189145088,19440,194400,2048,20480,397600,0.247368,4.7000,1.52,1.48,0.017210,0.031128149
N/N16_J128_K10_A20_D12_full_s20260822,N,N_16,16,128,10,20,3,12,full,primitives,quiet,20260822,forward_batched,15,0,0,0,0.012831000,0.000151979,0.012954958,0.012771500,0.012929906,0.006173,0.012831000,0.000152500,0.012955000,189145088,19440,194400,2048,20480,397600,0.247368,4.7000,1.52,1.48,0.017210,0.012839466
N/N1_J128_K10_A20_D12_full_s20260822,N,N_1,1,128,10,20,3,12,full,build,quiet,20260822,emission_build,15,0,0,0,0.091103625,0.000698666,0.091828567,0.090709292,0.091406000,0.003824,0.091066000,0.000664500,0.091779600,116183040,1215,12150,128,1280,24850,0.247368,4.7000,1.96,1.96,0.017242,0.090991897
N/N1_J128_K10_A20_D12_full_s20260822,N,N_1,1,128,10,20,3,12,full,build,quiet,20260822,emission_cache_hit,15,0,0,0,0.000264250,0.000008479,0.000276950,0.000261000,0.000269500,0.016083,0.000264000,0.000008500,0.000276600,116183040,1215,12150,128,1280,24850,0.247368,4.7000,1.96,1.96,0.017242,0.000263926
N/N1_J128_K10_A20_D12_full_s20260822,N,N_1,1,128,10,20,3,12,full,cond,quiet,20260822,cond_plain,15,0,0,0,0.009933500,0.000177708,0.010329025,0.009860959,0.010016375,0.007823,0.009933000,0.000178500,0.010326200,128020480,1215,12150,128,1280,24850,0.247368,4.7000,1.95,1.95,0.017631,0.009702260
N/N1_J128_K10_A20_D12_full_s20260822,N,N_1,1,128,10,20,3,12,full,cond,quiet,20260822,cond_structural,15,0,0,0,0.105042334,0.000514458,0.105605225,0.104772083,0.105156875,0.001832,0.104991000,0.000481000,0.105553800,128020480,1215,12150,128,1280,24850,0.247368,4.7000,1.95,1.95,0.017631,0.102597079
N/N1_J128_K10_A20_D12_full_s20260822,N,N_1,1,128,10,20,3,12,full,marg,quiet,20260822,marg_plain,15,0,0,0,0.009970000,0.000195979,0.010128275,0.009863292,0.010071750,0.010454,0.009970000,0.000195500,0.010127600,125710336,1215,12150,128,1280,24850,0.247368,4.7000,1.95,1.96,0.017226,0.009966998
N/N1_J128_K10_A20_D12_full_s20260822,N,N_1,1,128,10,20,3,12,full,marg,quiet,20260822,marg_structural,15,0,0,0,0.110856542,0.000916625,0.111945325,0.110678312,0.111613625,0.004219,0.110816000,0.000963000,0.111919000,125710336,1215,12150,128,1280,24850,0.247368,4.7000,1.95,1.96,0.017226,0.110823159
N/N1_J128_K10_A20_D12_full_s20260822,N,N_1,1,128,10,20,3,12,full,primitives,quiet,20260822,backward_sample,15,0,0,0,0.001315125,0.000031959,0.001323250,0.001288625,0.001320542,0.012135,0.001315000,0.000032000,0.001322200,119250944,1215,12150,128,1280,24850,0.247368,4.7000,1.96,1.96,0.017427,0.001299550
N/N1_J128_K10_A20_D12_full_s20260822,N,N_1,1,128,10,20,3,12,full,primitives,quiet,20260822,ffbs_complete,15,0,0,0,0.005618084,0.000057979,0.005714091,0.005577040,0.005637792,0.005407,0.005617000,0.000058000,0.005713600,119250944,1215,12150,128,1280,24850,0.247368,4.7000,1.96,1.96,0.017427,0.005551548
N/N1_J128_K10_A20_D12_full_s20260822,N,N_1,1,128,10,20,3,12,full,primitives,quiet,20260822,forward_batched,15,0,0,0,0.004357500,0.000083375,0.004431558,0.004318917,0.004410000,0.010451,0.004357000,0.000084000,0.004430600,119250944,1215,12150,128,1280,24850,0.247368,4.7000,1.96,1.96,0.017427,0.004305893
N/N256_J128_K10_A20_D12_full_s20260822,N,N_256,256,128,10,20,3,12,full,build,quiet,20260822,emission_build,5,1,0,0,11.139692083,0.014057416,11.162614525,10.993365167,11.168800542,0.007874,11.138594000,0.014121000,11.161466600,977051648,311040,3110400,32768,327680,6361600,0.247368,4.7000,1.70,1.87,0.017298,11.089877728
N/N256_J128_K10_A20_D12_full_s20260822,N,N_256,256,128,10,20,3,12,full,build,quiet,20260822,emission_cache_hit,10,1,0,0,0.000247146,0.000018791,0.000280266,0.000241959,0.000262354,0.041261,0.000245500,0.000018750,0.000280200,977051648,311040,3110400,32768,327680,6361600,0.247368,4.7000,1.70,1.87,0.017298,0.000246041
N/N256_J128_K10_A20_D12_full_s20260822,N,N_256,256,128,10,20,3,12,full,cond,quiet,20260822,cond_plain,5,1,0,0,0.518974208,0.000679751,0.520203334,0.515375709,0.520716667,0.005146,0.518886000,0.000704000,0.520173200,2974388224,311040,3110400,32768,327680,6361600,0.247368,4.7000,1.78,1.59,0.017214,0.519185865
N/N256_J128_K10_A20_D12_full_s20260822,N,N_256,256,128,10,20,3,12,full,cond,quiet,20260822,cond_structural,5,1,0,0,11.658663500,0.028362458,11.708595508,11.628783292,11.726005041,0.004170,11.657583000,0.028363000,11.707561800,2974388224,311040,3110400,32768,327680,6361600,0.247368,4.7000,1.78,1.59,0.017214,11.663418341
N/N256_J128_K10_A20_D12_full_s20260822,N,N_256,256,128,10,20,3,12,full,marg,quiet,20260822,marg_plain,5,1,0,0,0.508032167,0.002328249,0.511300183,0.506254292,0.512461833,0.006109,0.508022000,0.002278000,0.511243000,2962481152,311040,3110400,32768,327680,6361600,0.247368,4.7000,1.59,1.45,0.017209,0.508391992
N/N256_J128_K10_A20_D12_full_s20260822,N,N_256,256,128,10,20,3,12,full,marg,quiet,20260822,marg_structural,5,1,0,0,12.227785458,0.031100083,12.256431350,12.156591417,12.269358917,0.004611,12.225776000,0.031334000,12.254952800,2962481152,311040,3110400,32768,327680,6361600,0.247368,4.7000,1.59,1.45,0.017209,12.236446054
N/N256_J128_K10_A20_D12_full_s20260822,N,N_256,256,128,10,20,3,12,full,primitives,quiet,20260822,backward_sample,5,1,0,0,0.297085417,0.001449667,0.297247375,0.294579333,0.297270708,0.004530,0.297079000,0.001396000,0.297207000,1355517952,311040,3110400,32768,327680,6361600,0.247368,4.7000,1.87,1.78,0.017212,0.297234656
N/N256_J128_K10_A20_D12_full_s20260822,N,N_256,256,128,10,20,3,12,full,primitives,quiet,20260822,ffbs_complete,5,1,0,0,0.441123834,0.001669167,0.442425425,0.439574584,0.443122209,0.004021,0.441103000,0.001610000,0.442360200,1355517952,311040,3110400,32768,327680,6361600,0.247368,4.7000,1.87,1.78,0.017212,0.441345430
N/N256_J128_K10_A20_D12_full_s20260822,N,N_256,256,128,10,20,3,12,full,primitives,quiet,20260822,forward_batched,5,1,0,0,0.142700042,0.002920167,0.144353484,0.140475000,0.144826667,0.015248,0.142701000,0.002907000,0.144345000,1355517952,311040,3110400,32768,327680,6361600,0.247368,4.7000,1.87,1.78,0.017212,0.142771726
N/N32_J128_K10_A20_D12_full_s20260822,N,N_32,32,128,10,20,3,12,full,build,quiet,20260822,emission_build,15,0,0,0,1.307289375,0.012332833,1.313138991,1.298677709,1.312369958,0.005237,1.307194000,0.012368000,1.313052400,241319936,38880,388800,4096,40960,795200,0.247368,4.7000,1.53,1.70,0.017230,1.306614443
N/N32_J128_K10_A20_D12_full_s20260822,N,N_32,32,128,10,20,3,12,full,build,quiet,20260822,emission_cache_hit,15,0,0,0,0.000261583,0.000015355,0.000278058,0.000255166,0.000267350,0.023288,0.000261000,0.000015000,0.000276800,241319936,38880,388800,4096,40960,795200,0.247368,4.7000,1.53,1.70,0.017230,0.000261448
N/N32_J128_K10_A20_D12_full_s20260822,N,N_32,32,128,10,20,3,12,full,cond,quiet,20260822,cond_plain,15,0,0,0,0.080695208,0.000364417,0.080983808,0.080452292,0.080847792,0.002451,0.080696000,0.000362500,0.080983800,549367808,38880,388800,4096,40960,795200,0.247368,4.7000,1.62,1.52,0.017173,0.080921053
N/N32_J128_K10_A20_D12_full_s20260822,N,N_32,32,128,10,20,3,12,full,cond,quiet,20260822,cond_structural,15,0,0,0,1.417546375,0.002855896,1.420985025,1.416621291,1.418795167,0.000767,1.417343000,0.002865000,1.420920000,549367808,38880,388800,4096,40960,795200,0.247368,4.7000,1.62,1.52,0.017173,1.421513716
N/N32_J128_K10_A20_D12_full_s20260822,N,N_32,32,128,10,20,3,12,full,marg,quiet,20260822,marg_plain,15,0,0,0,0.080062083,0.001093312,0.081426709,0.079693125,0.080712583,0.006367,0.080060000,0.001081500,0.081417200,559128576,38880,388800,4096,40960,795200,0.247368,4.7000,1.52,1.53,0.017182,0.080244685
N/N32_J128_K10_A20_D12_full_s20260822,N,N_32,32,128,10,20,3,12,full,marg,quiet,20260822,marg_structural,15,0,0,0,1.471087875,0.009937916,1.481798316,1.467672750,1.478486500,0.003675,1.470923000,0.009893500,1.481528600,559128576,38880,388800,4096,40960,795200,0.247368,4.7000,1.52,1.53,0.017182,1.474443070
N/N32_J128_K10_A20_D12_full_s20260822,N,N_32,32,128,10,20,3,12,full,primitives,quiet,20260822,backward_sample,15,0,0,0,0.037417416,0.000262666,0.037573875,0.037284292,0.037553708,0.003600,0.037417000,0.000264000,0.037573400,280219648,38880,388800,4096,40960,795200,0.247368,4.7000,1.64,1.67,0.017223,0.037413841
N/N32_J128_K10_A20_D12_full_s20260822,N,N_32,32,128,10,20,3,12,full,primitives,quiet,20260822,ffbs_complete,15,0,0,0,0.059366041,0.000560063,0.060108667,0.059168750,0.059734042,0.004761,0.059359000,0.000554500,0.060081000,280219648,38880,388800,4096,40960,795200,0.247368,4.7000,1.64,1.67,0.017223,0.059360369
N/N32_J128_K10_A20_D12_full_s20260822,N,N_32,32,128,10,20,3,12,full,primitives,quiet,20260822,forward_batched,15,0,0,0,0.021817292,0.000198458,0.022164325,0.021740750,0.021958250,0.004985,0.021817000,0.000193000,0.022164000,280219648,38880,388800,4096,40960,795200,0.247368,4.7000,1.64,1.67,0.017223,0.021815208
N/N64_J128_K10_A20_D12_full_s20260822,N,N_64,64,128,10,20,3,12,full,build,quiet,20260822,emission_build,15,0,0,0,2.750614750,0.010594875,2.767582475,2.747433500,2.757412792,0.001814,2.750438000,0.010696000,2.767307400,373698560,77760,777600,8192,81920,1590400,0.247368,4.7000,1.58,2.82,0.017294,2.738967721
N/N64_J128_K10_A20_D12_full_s20260822,N,N_64,64,128,10,20,3,12,full,build,quiet,20260822,emission_cache_hit,15,0,0,0,0.000255834,0.000014646,0.000306334,0.000253917,0.000267042,0.025651,0.000255000,0.000014500,0.000305600,373698560,77760,777600,8192,81920,1590400,0.247368,4.7000,1.58,2.82,0.017294,0.000254751
N/N64_J128_K10_A20_D12_full_s20260822,N,N_64,64,128,10,20,3,12,full,cond,quiet,20260822,cond_plain,15,0,0,0,0.141249875,0.001400187,0.142457142,0.140301125,0.141961250,0.005877,0.141241000,0.001396000,0.142451000,867618816,77760,777600,8192,81920,1590400,0.247368,4.7000,1.18,1.28,0.017226,0.141212118
N/N64_J128_K10_A20_D12_full_s20260822,N,N_64,64,128,10,20,3,12,full,cond,quiet,20260822,cond_structural,15,0,0,0,2.757328625,0.009448793,2.769730642,2.752244791,2.763908667,0.002115,2.757079000,0.009544500,2.769469400,867618816,77760,777600,8192,81920,1590400,0.247368,4.7000,1.18,1.28,0.017226,2.756591574
N/N64_J128_K10_A20_D12_full_s20260822,N,N_64,64,128,10,20,3,12,full,marg,quiet,20260822,marg_plain,15,0,0,0,0.142610708,0.001811604,0.144322383,0.141874375,0.143938209,0.007236,0.142609000,0.001812000,0.144317200,869310464,77760,777600,8192,81920,1590400,0.247368,4.7000,1.28,1.58,0.017191,0.142858020
N/N64_J128_K10_A20_D12_full_s20260822,N,N_64,64,128,10,20,3,12,full,marg,quiet,20260822,marg_structural,15,0,0,0,2.866181250,0.017590625,2.883561583,2.859880208,2.882625333,0.003968,2.865970000,0.017299000,2.883189400,869310464,77760,777600,8192,81920,1590400,0.247368,4.7000,1.28,1.58,0.017191,2.871151710
N/N64_J128_K10_A20_D12_full_s20260822,N,N_64,64,128,10,20,3,12,full,primitives,quiet,20260822,backward_sample,15,0,0,0,0.073363125,0.000710792,0.074356616,0.073202708,0.073664833,0.003150,0.073352000,0.000719000,0.074351400,441405440,77760,777600,8192,81920,1590400,0.247368,4.7000,2.82,4.68,0.017253,0.073225376
N/N64_J128_K10_A20_D12_full_s20260822,N,N_64,64,128,10,20,3,12,full,primitives,quiet,20260822,ffbs_complete,15,0,0,0,0.117018750,0.001532584,0.118370041,0.116446916,0.117906416,0.006236,0.117012000,0.001520500,0.118330000,441405440,77760,777600,8192,81920,1590400,0.247368,4.7000,2.82,4.68,0.017253,0.116799032
N/N64_J128_K10_A20_D12_full_s20260822,N,N_64,64,128,10,20,3,12,full,primitives,quiet,20260822,forward_batched,15,0,0,0,0.043801458,0.001545146,0.045181642,0.043184792,0.044926625,0.019883,0.043798000,0.001546500,0.045177400,441405440,77760,777600,8192,81920,1590400,0.247368,4.7000,2.82,4.68,0.017253,0.043719215
N/N8_J128_K10_A20_D12_full_s20260822,N,N_8,8,128,10,20,3,12,full,build,quiet,20260822,emission_build,15,0,0,0,0.365418708,0.002132312,0.367608117,0.364539000,0.366479708,0.002655,0.365419000,0.002154000,0.367580400,142225408,9720,97200,1024,10240,198800,0.247368,4.7000,1.57,1.57,0.017207,0.365714693
N/N8_J128_K10_A20_D12_full_s20260822,N,N_8,8,128,10,20,3,12,full,build,quiet,20260822,emission_cache_hit,15,0,0,0,0.000253250,0.000008522,0.000266367,0.000250166,0.000256875,0.013246,0.000253000,0.000009000,0.000266200,142225408,9720,97200,1024,10240,198800,0.247368,4.7000,1.57,1.57,0.017207,0.000253455
N/N8_J128_K10_A20_D12_full_s20260822,N,N_8,8,128,10,20,3,12,full,cond,quiet,20260822,cond_plain,15,0,0,0,0.029966208,0.000222562,0.030219033,0.029826485,0.030041875,0.003594,0.029963000,0.000217500,0.030217800,217927680,9720,97200,1024,10240,198800,0.247368,4.7000,1.57,1.55,0.017213,0.029980026
N/N8_J128_K10_A20_D12_full_s20260822,N,N_8,8,128,10,20,3,12,full,cond,quiet,20260822,cond_structural,15,0,0,0,0.396298125,0.002308480,0.397691916,0.394183458,0.396855917,0.003372,0.396291000,0.002303000,0.397664800,217927680,9720,97200,1024,10240,198800,0.247368,4.7000,1.57,1.55,0.017213,0.396480871
N/N8_J128_K10_A20_D12_full_s20260822,N,N_8,8,128,10,20,3,12,full,marg,quiet,20260822,marg_plain,15,0,0,0,0.029843417,0.000321625,0.030104158,0.029677875,0.029911667,0.003917,0.029843000,0.000319000,0.030103000,206602240,9720,97200,1024,10240,198800,0.247368,4.7000,1.58,1.57,0.017199,0.029881050
N/N8_J128_K10_A20_D12_full_s20260822,N,N_8,8,128,10,20,3,12,full,marg,quiet,20260822,marg_structural,15,0,0,0,0.419491500,0.005615542,0.423691942,0.416302875,0.422203125,0.007033,0.419474000,0.005632500,0.423676000,206602240,9720,97200,1024,10240,198800,0.247368,4.7000,1.58,1.57,0.017199,0.420020484
N/N8_J128_K10_A20_D12_full_s20260822,N,N_8,8,128,10,20,3,12,full,primitives,quiet,20260822,backward_sample,15,0,0,0,0.010202250,0.000141667,0.010376241,0.010146875,0.010286250,0.006831,0.010201000,0.000137500,0.010363800,149286912,9720,97200,1024,10240,198800,0.247368,4.7000,1.57,1.57,0.017266,0.010175574
N/N8_J128_K10_A20_D12_full_s20260822,N,N_8,8,128,10,20,3,12,full,primitives,quiet,20260822,ffbs_complete,15,0,0,0,0.018618000,0.000178459,0.018802425,0.018512083,0.018711208,0.005348,0.018617000,0.000179000,0.018800200,149286912,9720,97200,1024,10240,198800,0.247368,4.7000,1.57,1.57,0.017266,0.018569320
N/N8_J128_K10_A20_D12_full_s20260822,N,N_8,8,128,10,20,3,12,full,primitives,quiet,20260822,forward_batched,15,0,0,0,0.008437250,0.000069291,0.008494308,0.008380833,0.008456708,0.004496,0.008437000,0.000070000,0.008493800,149286912,9720,97200,1024,10240,198800,0.247368,4.7000,1.57,1.57,0.017266,0.008415189
baseline/N100_J48_K3_A5_D12_full_s20260822,baseline,baseline_matched_scale,100,48,3,5,3,12,full,build,quiet,20260822,emission_build,15,0,0,0,0.095983958,0.001396750,0.097718492,0.095649833,0.096889250,0.006456,0.095982000,0.001403500,0.097651000,150904832,29500,88500,3600,10800,117900,0.183333,0.7333,1.99,2.07,0.017325,0.095405830
baseline/N100_J48_K3_A5_D12_full_s20260822,baseline,baseline_matched_scale,100,48,3,5,3,12,full,build,quiet,20260822,emission_cache_hit,35,0,0,0,0.000099833,0.000014979,0.000117992,0.000098583,0.000108125,0.047790,0.000100000,0.000015000,0.000116600,150904832,29500,88500,3600,10800,117900,0.183333,0.7333,1.99,2.07,0.017325,0.000099232
baseline/N100_J48_K3_A5_D12_full_s20260822,baseline,baseline_matched_scale,100,48,3,5,3,12,full,cond,quiet,20260822,cond_plain,15,0,0,0,0.027970375,0.000382333,0.028714516,0.027713958,0.028205000,0.008778,0.027967000,0.000380500,0.028657600,189411328,29500,88500,3600,10800,117900,0.183333,0.7333,2.22,2.13,0.017255,0.027914621
baseline/N100_J48_K3_A5_D12_full_s20260822,baseline,baseline_matched_scale,100,48,3,5,3,12,full,cond,quiet,20260822,cond_structural,15,0,0,0,0.125987958,0.000812042,0.126541834,0.125470417,0.126330959,0.003415,0.125953000,0.000811000,0.126463400,189411328,29500,88500,3600,10800,117900,0.183333,0.7333,2.22,2.13,0.017255,0.125736824
baseline/N100_J48_K3_A5_D12_full_s20260822,baseline,baseline_matched_scale,100,48,3,5,3,12,full,marg,quiet,20260822,marg_plain,15,0,0,0,0.027829917,0.000211583,0.028413942,0.027741125,0.027898375,0.002825,0.027800000,0.000198000,0.028374000,196882432,29500,88500,3600,10800,117900,0.183333,0.7333,2.13,2.04,0.017212,0.027844706
baseline/N100_J48_K3_A5_D12_full_s20260822,baseline,baseline_matched_scale,100,48,3,5,3,12,full,marg,quiet,20260822,marg_structural,15,0,0,0,0.147523708,0.002039937,0.149164125,0.146402625,0.148551333,0.007283,0.147376000,0.002021000,0.149066600,196882432,29500,88500,3600,10800,117900,0.183333,0.7333,2.13,2.04,0.017212,0.147602103
baseline/N100_J48_K3_A5_D12_full_s20260822,baseline,baseline_matched_scale,100,48,3,5,3,12,full,primitives,quiet,20260822,backward_sample,15,0,0,0,0.011785833,0.000195896,0.011939250,0.011649250,0.011865375,0.009169,0.011786000,0.000195000,0.011916600,144842752,29500,88500,3600,10800,117900,0.183333,0.7333,2.07,2.22,0.017320,0.011718565
baseline/N100_J48_K3_A5_D12_full_s20260822,baseline,baseline_matched_scale,100,48,3,5,3,12,full,primitives,quiet,20260822,ffbs_complete,15,0,0,0,0.020647917,0.000334500,0.021075142,0.020541542,0.020831500,0.007021,0.020648000,0.000317500,0.021054600,144842752,29500,88500,3600,10800,117900,0.183333,0.7333,2.07,2.22,0.017320,0.020530068
baseline/N100_J48_K3_A5_D12_full_s20260822,baseline,baseline_matched_scale,100,48,3,5,3,12,full,primitives,quiet,20260822,forward_batched,15,0,0,0,0.008871791,0.000350709,0.009285700,0.008821417,0.009214834,0.022172,0.008871000,0.000341000,0.009232800,144842752,29500,88500,3600,10800,117900,0.183333,0.7333,2.07,2.22,0.017320,0.008821155
target_long/N20_J500_K20_A50_D12_sparse_s20260822,target_long,target_long_J500_N20,20,500,20,50,3,12,sparse,build,quiet,20260822,emission_build,5,1,0,0,19.649606250,0.063427125,19.674618358,19.576305541,19.677697208,0.002580,19.648126000,0.062677000,19.672593800,1290268672,98700,1974000,10000,200000,5970000,0.009429,0.4620,1.49,1.34,0.017274,19.589058226
target_long/N20_J500_K20_A50_D12_sparse_s20260822,target_long,target_long_J500_N20,20,500,20,50,3,12,sparse,build,quiet,20260822,emission_cache_hit,5,1,0,0,0.001336000,0.000026001,0.001374159,0.001317542,0.001389542,0.026946,0.001336000,0.000026000,0.001373400,1290268672,98700,1974000,10000,200000,5970000,0.009429,0.4620,1.49,1.34,0.017274,0.001331883
target_long/N20_J500_K20_A50_D12_sparse_s20260822,target_long,target_long_J500_N20,20,500,20,50,3,12,sparse,primitives,quiet,20260822,backward_sample,5,1,0,0,0.155776708,0.000789208,0.156617200,0.153754459,0.157126084,0.010822,0.155776000,0.000786000,0.156614200,2070007808,98700,1974000,10000,200000,5970000,0.009429,0.4620,1.50,1.49,0.017217,0.155811963
target_long/N20_J500_K20_A50_D12_sparse_s20260822,target_long,target_long_J500_N20,20,500,20,50,3,12,sparse,primitives,quiet,20260822,ffbs_complete,5,1,0,0,0.366828000,0.001546874,0.368077841,0.363604917,0.368096375,0.006122,0.366825000,0.001493000,0.368033800,2070007808,98700,1974000,10000,200000,5970000,0.009429,0.4620,1.50,1.49,0.017217,0.366911019
target_long/N20_J500_K20_A50_D12_sparse_s20260822,target_long,target_long_J500_N20,20,500,20,50,3,12,sparse,primitives,quiet,20260822,forward_batched,5,1,0,0,0.209917375,0.001045000,0.213908816,0.205553208,0.216495416,0.026063,0.209908000,0.001050000,0.213890400,2070007808,98700,1974000,10000,200000,5970000,0.009429,0.4620,1.50,1.49,0.017217,0.209964883
target/N100_J200_K20_A50_D12_sparse_s20260822,target,target_operating_point,100,200,20,50,3,12,sparse,build,quiet,20260822,emission_build,5,1,0,0,33.844944917,0.128795542,33.957489158,33.723294708,33.980254458,0.003796,33.841092000,0.126192000,33.952795800,1634013184,193500,3870000,20000,400000,11850000,0.009429,0.4620,1.76,1.43,0.017221,33.844002566
target/N100_J200_K20_A50_D12_sparse_s20260822,target,target_operating_point,100,200,20,50,3,12,sparse,build,quiet,20260822,emission_cache_hit,15,0,0,0,0.001355084,0.000021604,0.001374842,0.001343083,0.001364959,0.008072,0.001355000,0.000021500,0.001374200,1634013184,193500,3870000,20000,400000,11850000,0.009429,0.4620,1.76,1.43,0.017221,0.001355046
target/N100_J200_K20_A50_D12_sparse_s20260822,target,target_operating_point,100,200,20,50,3,12,sparse,cond,quiet,20260822,cond_plain,200,0,0,0,0.654177146,0.004045574,0.658098417,0.653653430,0.654835625,0.000904,0.654114500,0.004046000,0.658059600,3635101696,193500,3870000,20000,400000,11850000,0.009429,0.4620,1.31,1.94,0.017313,0.650687569
target/N100_J200_K20_A50_D12_sparse_s20260822,target,target_operating_point,100,200,20,50,3,12,sparse,cond,quiet,20260822,cond_structural,5,1,0,0,32.771015750,0.110918125,32.872172058,32.640184584,32.912813875,0.004160,32.767661000,0.113152000,32.858898800,3635101696,193500,3870000,20000,400000,11850000,0.009429,0.4620,1.31,1.94,0.017313,32.596205352
target/N100_J200_K20_A50_D12_sparse_s20260822,target,target_operating_point,100,200,20,50,3,12,sparse,marg,quiet,20260822,marg_plain,200,0,0,0,0.646241729,0.004549187,0.651101471,0.645823396,0.646821604,0.000772,0.646181000,0.004467000,0.651083100,3897446400,193500,3870000,20000,400000,11850000,0.009429,0.4620,1.94,1.68,0.017290,0.643665066
target/N100_J200_K20_A50_D12_sparse_s20260822,target,target_operating_point,100,200,20,50,3,12,sparse,marg,quiet,20260822,marg_structural,5,1,0,0,34.534218792,0.076798166,34.557888908,34.391145959,34.567121542,0.002548,34.528904000,0.071635000,34.544729200,3897446400,193500,3870000,20000,400000,11850000,0.009429,0.4620,1.94,1.68,0.017290,34.396525665
target/N100_J200_K20_A50_D12_sparse_s20260822,target,target_operating_point,100,200,20,50,3,12,sparse,primitives,quiet,20260822,backward_sample,15,0,0,0,0.294029917,0.001534479,0.295307392,0.293476250,0.295056417,0.002687,0.294030000,0.001528500,0.295267200,2215886848,193500,3870000,20000,400000,11850000,0.009429,0.4620,1.43,1.31,0.017217,0.294102866
target/N100_J200_K20_A50_D12_sparse_s20260822,target,target_operating_point,100,200,20,50,3,12,sparse,primitives,quiet,20260822,ffbs_complete,15,0,0,0,0.520722667,0.002500730,0.524169192,0.519774083,0.522527958,0.002644,0.520702000,0.002486500,0.523718400,2215886848,193500,3870000,20000,400000,11850000,0.009429,0.4620,1.43,1.31,0.017217,0.520851859
target/N100_J200_K20_A50_D12_sparse_s20260822,target,target_operating_point,100,200,20,50,3,12,sparse,primitives,quiet,20260822,forward_batched,15,0,0,0,0.224061708,0.001829917,0.226786933,0.222942916,0.224959708,0.004501,0.224033000,0.001828000,0.226763400,2215886848,193500,3870000,20000,400000,11850000,0.009429,0.4620,1.43,1.31,0.017217,0.224117298
target/N100_J200_K20_A50_D12_full_s20260822,target,target_operating_point_full_support,100,200,20,50,3,12,full,build,quiet,20260822,emission_build,5,1,0,0,53.265003041,0.149230833,53.398436150,53.128262875,53.431054166,0.002842,53.259800000,0.148116000,53.392779800,1596416000,193500,3870000,20000,400000,11850000,0.257306,12.6080,1.73,1.50,0.017227,53.245099085
target/N100_J200_K20_A50_D12_full_s20260822,target,target_operating_point_full_support,100,200,20,50,3,12,full,build,quiet,20260822,emission_cache_hit,5,1,0,0,0.001468666,0.000026291,0.001523850,0.001432209,0.001556000,0.042144,0.001469000,0.000026000,0.001523200,1596416000,193500,3870000,20000,400000,11850000,0.257306,12.6080,1.73,1.50,0.017227,0.001468117
target/N100_J200_K20_A50_D12_full_s20260822,target,target_operating_point_full_support,100,200,20,50,3,12,full,cond,quiet,20260822,cond_plain,5,1,0,0,0.716508584,0.004170624,0.721766459,0.715161792,0.722569459,0.005169,0.716499000,0.004196000,0.721733200,4397514752,193500,3870000,20000,400000,11850000,0.257306,12.6080,1.65,1.41,0.017279,0.714100952
target/N100_J200_K20_A50_D12_full_s20260822,target,target_operating_point_full_support,100,200,20,50,3,12,full,cond,quiet,20260822,cond_structural,5,1,0,0,54.209858375,0.051265417,54.236476675,54.073600708,54.237664958,0.001513,54.198275000,0.053630000,54.228104600,4397514752,193500,3870000,20000,400000,11850000,0.257306,12.6080,1.65,1.41,0.017279,54.027700941
target/N100_J200_K20_A50_D12_full_s20260822,target,target_operating_point_full_support,100,200,20,50,3,12,full,marg,quiet,20260822,marg_plain,5,1,0,0,0.733041000,0.000435001,0.733966059,0.726102708,0.734490375,0.005721,0.732962000,0.000400000,0.733915000,3874181120,193500,3870000,20000,400000,11850000,0.257306,12.6080,1.38,1.73,0.017299,0.729715580
target/N100_J200_K20_A50_D12_full_s20260822,target,target_operating_point_full_support,100,200,20,50,3,12,full,marg,quiet,20260822,marg_structural,5,1,0,0,55.057808458,0.126452250,55.176859909,54.969341542,55.220771709,0.002283,55.051254000,0.126760000,55.169654800,3874181120,193500,3870000,20000,400000,11850000,0.257306,12.6080,1.38,1.73,0.017299,54.808040248
target/N100_J200_K20_A50_D12_full_s20260822,target,target_operating_point_full_support,100,200,20,50,3,12,full,primitives,quiet,20260822,backward_sample,5,1,0,0,0.380927958,0.002988792,0.383302825,0.374452375,0.384560042,0.013267,0.380914000,0.003012000,0.383297000,2179547136,193500,3870000,20000,400000,11850000,0.257306,12.6080,1.72,1.65,0.017184,0.381737530
target/N100_J200_K20_A50_D12_full_s20260822,target,target_operating_point_full_support,100,200,20,50,3,12,full,primitives,quiet,20260822,ffbs_complete,5,1,0,0,0.604395167,0.007145917,0.608078292,0.599125625,0.608372875,0.007650,0.604356000,0.007147000,0.608027600,2179547136,193500,3870000,20000,400000,11850000,0.257306,12.6080,1.72,1.65,0.017184,0.605679666
target/N100_J200_K20_A50_D12_full_s20260822,target,target_operating_point_full_support,100,200,20,50,3,12,full,primitives,quiet,20260822,forward_batched,5,1,0,0,0.219036958,0.001330666,0.220646633,0.216279333,0.221368667,0.011618,0.219038000,0.001285000,0.220625400,2179547136,193500,3870000,20000,400000,11850000,0.257306,12.6080,1.72,1.65,0.017184,0.219502469
